Workbook

Sheet RINGS_SUMMARY
A1: Symbol | B1: Brand | C1: Group1 | D1: Group2 | E1: LWC+PE | F1: Monika | G1: STOCKS- | H1: SL1642509 | I1: SL1692601 | J1: SUP25459 | K1: Order_1 | L1: Order_2 | M1: Order_3 | N1: Total Available | O1: NEED_M1 | P1: NEED_M2 | Q1: NEED_M3 | R1: NEED_M4 | S1: NEED_M5 | T1: NEED_M6 | U1: NEED_M7 | V1: NEED_M8 | W1: NEED_M9 | X1: NEED_M10 | Y1: NEED_M11 | Z1: NEED_M12 | AA1: NEED_M13 | AB1: NEED_M14 | AC1: NEED_M15 | AD1: NEED_M16 | AE1: NEED_M17 | AF1: NEED_M18 | AG1: NEED_M19 | AH1: NEED_M20 | AI1: NEED_M21 | AJ1: NEED_M22 | AK1: NEED_M23 | AL1: NEED_M24 | AM1: NEED_M25 | AN1: NEED_M26 | AO1: NEED_M27 | AP1: NEED_M28 | AQ1: NEED_M29 | AR1: NEED_M30
A2: PR-CHE-49-1405-000-SET | B2: CHE | C2: 1405 | D2: 19-1405-000 | N2: =SUM(E2:M2) -> 0 | O2: =MIN(0, N2+(IFERROR(IF(1*INDEX('UA-normalized'!$D:$D, MATCH($A2, 'UA-normalized'!$A:$A, 0))-INDEX('UA-normalized'!$E:$E, MATCH($A2, 'UA-normalized'!$A:$A, 0))>0, -(1*INDEX('UA-normalized'!$D:$D, MATCH($A2, 'UA-normalized'!$A:$A, 0))-INDEX('UA-normalized'!$E:$E, MATCH($A2, 'UA-normalized'!$A:$A, 0))), 0), 0))+(IFERROR(IF(1*INDEX('KZ-normalized'!$D:$D, MATCH($A2, 'KZ-normalized'!$A:$A, 0))-INDEX('KZ-normalized'!$E:$E, MATCH($A2, 'KZ-normalized'!$A:$A, 0))>0, -(1*INDEX('KZ-normalized'!$D:$D, MATCH($A2, 'KZ-normalized'!$A:$A, 0))-INDEX('KZ-normalized'!$E:$E, MATCH($A2, 'KZ-normalized'!$A:$A, 0))), 0), 0))+(IFERROR(IF(1*INDEX('UZ-normalized'!$D:$D, MATCH($A2, 'UZ-normalized'!$A:$A, 0))-INDEX('UZ-normalized'!$E:$E, MATCH($A2, 'UZ-normalized'!$A:$A, 0))>0, -(1*INDEX('UZ-normalized'!$D:$D, MATCH($A2, 'UZ-normalized'!$A:$A, 0))-INDEX('UZ-normalized'!$E:$E, MATCH($A2, 'UZ-normalized'!$A:$A, 0))), 0), 0))) -> 0 | P2: =MIN(0, N2+(IFERROR(IF(2*INDEX('UA-normalized'!$D:$D, MATCH($A2, 'UA-normalized'!$A:$A, 0))-INDEX('UA-normalized'!$E:$E, MATCH($A2, 'UA-normalized'!$A:$A, 0))>0, -(2*INDEX('UA-normalized'!$D:$D, MATCH($A2, 'UA-normalized'!$A:$A, 0))-INDEX('UA-normalized'!$E:$E, MATCH($A2, 'UA-normalized'!$A:$A, 0))), 0), 0))+(IFERROR(IF(2*INDEX('KZ-normalized'!$D:$D, MATCH($A2, 'KZ-normalized'!$A:$A, 0))-INDEX('KZ-normalized'!$E:$E, MATCH($A2, 'KZ-normalized'!$A:$A, 0))>0, -(2*INDEX('KZ-normalized'!$D:$D, MATCH($A2, 'KZ-normalized'!$A:$A, 0))-INDEX('KZ-normalized'!$E:$E, MATCH($A2, 'KZ-normalized'!$A:$A, 0))), 0), 0))+(IFERROR(IF(2*INDEX('UZ-normalized'!$D:$D, MATCH($A2, 'UZ-normalized'!$A:$A, 0))-INDEX('UZ-normalized'!$E:$E, MATCH($A2, 'UZ-normalized'!$A:$A, 0))>0, -(2*INDEX('UZ-normalized'!$D:$D, MATCH($A2, 'UZ-normalized'!$A:$A, 0))-INDEX('UZ-normalized'!$E:$E, MATCH($A2, 'UZ-normalized'!$A:$A, 0))), 0), 0))) -> 0 | Q2: =MIN(0, N2+(IFERROR(IF(3*INDEX('UA-normalized'!$D:$D, MATCH($A2, 'UA-normalized'!$A:$A, 0))-INDEX('UA-normalized'!$E:$E, MATCH($A2, 'UA-normalized'!$A:$A, 0))>0, -(3*INDEX('UA-normalized'!$D:$D, MATCH($A2, 'UA-normalized'!$A:$A, 0))-INDEX('UA-normalized'!$E:$E, MATCH($A2, 'UA-normalized'!$A:$A, 0))), 0), 0))+(IFERROR(IF(3*INDEX('KZ-normalized'!$D:$D, MATCH($A2, 'KZ-normalized'!$A:$A, 0))-INDEX('KZ-normalized'!$E:$E, MATCH($A2, 'KZ-normalized'!$A:$A, 0))>0, -(3*INDEX('KZ-normalized'!$D:$D, MATCH($A2, 'KZ-normalized'!$A:$A, 0))-INDEX('KZ-normalized'!$E:$E, MATCH($A2, 'KZ-normalized'!$A:$A, 0))), 0), 0))+(IFERROR(IF(3*INDEX('UZ-normalized'!$D:$D, MATCH($A2, 'UZ-normalized'!$A:$A, 0))-INDEX('UZ-normalized'!$E:$E, MATCH($A2, 'UZ-normalized'!$A:$A, 0))>0, -(3*INDEX('UZ-normalized'!$D:$D, MATCH($A2, 'UZ-normalized'!$A:$A, 0))-INDEX('UZ-normalized'!$E:$E, MATCH($A2, 'UZ-normalized'!$A:$A, 0))), 0), 0))) -> 0 | R2: =MIN(0, N2+(IFERROR(IF(4*INDEX('UA-normalized'!$D:$D, MATCH($A2, 'UA-normalized'!$A:$A, 0))-INDEX('UA-normalized'!$E:$E, MATCH($A2, 'UA-normalized'!$A:$A, 0))>0, -(4*INDEX('UA-normalized'!$D:$D, MATCH($A2, 'UA-normalized'!$A:$A, 0))-INDEX('UA-normalized'!$E:$E, MATCH($A2, 'UA-normalized'!$A:$A, 0))), 0), 0))+(IFERROR(IF(4*INDEX('KZ-normalized'!$D:$D, MATCH($A2, 'KZ-normalized'!$A:$A, 0))-INDEX('KZ-normalized'!$E:$E, MATCH($A2, 'KZ-normalized'!$A:$A, 0))>0, -(4*INDEX('KZ-normalized'!$D:$D, MATCH($A2, 'KZ-normalized'!$A:$A, 0))-INDEX('KZ-normalized'!$E:$E, MATCH($A2, 'KZ-normalized'!$A:$A, 0))), 0), 0))+(IFERROR(IF(4*INDEX('UZ-normalized'!$D:$D, MATCH($A2, 'UZ-normalized'!$A:$A, 0))-INDEX('UZ-normalized'!$E:$E, MATCH($A2, 'UZ-normalized'!$A:$A, 0))>0, -(4*INDEX('UZ-normalized'!$D:$D, MATCH($A2, 'UZ-normalized'!$A:$A, 0))-INDEX('UZ-normalized'!$E:$E, MATCH($A2, 'UZ-normalized'!$A:$A, 0))), 0), 0))) -> -18 | S2: =MIN(0, N2+(IFERROR(IF(5*INDEX('UA-normalized'!$D:$D, MATCH($A2, 'UA-normalized'!$A:$A, 0))-INDEX('UA-normalized'!$E:$E, MATCH($A2, 'UA-normalized'!$A:$A, 0))>0, -(5*INDEX('UA-normalized'!$D:$D, MATCH($A2, 'UA-normalized'!$A:$A, 0))-INDEX('UA-normalized'!$E:$E, MATCH($A2, 'UA-normalized'!$A:$A, 0))), 0), 0))+(IFERROR(IF(5*INDEX('KZ-normalized'!$D:$D, MATCH($A2, 'KZ-normalized'!$A:$A, 0))-INDEX('KZ-normalized'!$E:$E, MATCH($A2, 'KZ-normalized'!$A:$A, 0))>0, -(5*INDEX('KZ-normalized'!$D:$D, MATCH($A2, 'KZ-normalized'!$A:$A, 0))-INDEX('KZ-normalized'!$E:$E, MATCH($A2, 'KZ-normalized'!$A:$A, 0))), 0), 0))+(IFERROR(IF(5*INDEX('UZ-normalized'!$D:$D, MATCH($A2, 'UZ-normalized'!$A:$A, 0))-INDEX('UZ-normalized'!$E:$E, MATCH($A2, 'UZ-normalized'!$A:$A, 0))>0, -(5*INDEX('UZ-normalized'!$D:$D, MATCH($A2, 'UZ-normalized'!$A:$A, 0))-INDEX('UZ-normalized'!$E:$E, MATCH($A2, 'UZ-normalized'!$A:$A, 0))), 0), 0))) -> -78 | T2: =MIN(0, N2+(IFERROR(IF(6*INDEX('UA-normalized'!$D:$D, MATCH($A2, 'UA-normalized'!$A:$A, 0))-INDEX('UA-normalized'!$E:$E, MATCH($A2, 'UA-normalized'!$A:$A, 0))>0, -(6*INDEX('UA-normalized'!$D:$D, MATCH($A2, 'UA-normalized'!$A:$A, 0))-INDEX('UA-normalized'!$E:$E, MATCH($A2, 'UA-normalized'!$A:$A, 0))), 0), 0))+(IFERROR(IF(6*INDEX('KZ-normalized'!$D:$D, MATCH($A2, 'KZ-normalized'!$A:$A, 0))-INDEX('KZ-normalized'!$E:$E, MATCH($A2, 'KZ-normalized'!$A:$A, 0))>0, -(6*INDEX('KZ-normalized'!$D:$D, MATCH($A2, 'KZ-normalized'!$A:$A, 0))-INDEX('KZ-normalized'!$E:$E, MATCH($A2, 'KZ-normalized'!$A:$A, 0))), 0), 0))+(IFERROR(IF(6*INDEX('UZ-normalized'!$D:$D, MATCH($A2, 'UZ-normalized'!$A:$A, 0))-INDEX('UZ-normalized'!$E:$E, MATCH($A2, 'UZ-normalized'!$A:$A, 0))>0, -(6*INDEX('UZ-normalized'!$D:$D, MATCH($A2, 'UZ-normalized'!$A:$A, 0))-INDEX('UZ-normalized'!$E:$E, MATCH($A2, 'UZ-normalized'!$A:$A, 0))), 0), 0))) -> -138 | U2: =MIN(0, N2+(IFERROR(IF(7*INDEX('UA-normalized'!$D:$D, MATCH($A2, 'UA-normalized'!$A:$A, 0))-INDEX('UA-normalized'!$E:$E, MATCH($A2, 'UA-normalized'!$A:$A, 0))>0, -(7*INDEX('UA-normalized'!$D:$D, MATCH($A2, 'UA-normalized'!$A:$A, 0))-INDEX('UA-normalized'!$E:$E, MATCH($A2, 'UA-normalized'!$A:$A, 0))), 0), 0))+(IFERROR(IF(7*INDEX('KZ-normalized'!$D:$D, MATCH($A2, 'KZ-normalized'!$A:$A, 0))-INDEX('KZ-normalized'!$E:$E, MATCH($A2, 'KZ-normalized'!$A:$A, 0))>0, -(7*INDEX('KZ-normalized'!$D:$D, MATCH($A2, 'KZ-normalized'!$A:$A, 0))-INDEX('KZ-normalized'!$E:$E, MATCH($A2, 'KZ-normalized'!$A:$A, 0))), 0), 0))+(IFERROR(IF(7*INDEX('UZ-normalized'!$D:$D, MATCH($A2, 'UZ-normalized'!$A:$A, 0))-INDEX('UZ-normalized'!$E:$E, MATCH($A2, 'UZ-normalized'!$A:$A, 0))>0, -(7*INDEX('UZ-normalized'!$D:$D, MATCH($A2, 'UZ-normalized'!$A:$A, 0))-INDEX('UZ-normalized'!$E:$E, MATCH($A2, 'UZ-normalized'!$A:$A, 0))), 0), 0))) -> -198 | V2: =MIN(0, N2+(IFERROR(IF(8*INDEX('UA-normalized'!$D:$D, MATCH($A2, 'UA-normalized'!$A:$A, 0))-INDEX('UA-normalized'!$E:$E, MATCH($A2, 'UA-normalized'!$A:$A, 0))>0, -(8*INDEX('UA-normalized'!$D:$D, MATCH($A2, 'UA-normalized'!$A:$A, 0))-INDEX('UA-normalized'!$E:$E, MATCH($A2, 'UA-normalized'!$A:$A, 0))), 0), 0))+(IFERROR(IF(8*INDEX('KZ-normalized'!$D:$D, MATCH($A2, 'KZ-normalized'!$A:$A, 0))-INDEX('KZ-normalized'!$E:$E, MATCH($A2, 'KZ-normalized'!$A:$A, 0))>0, -(8*INDEX('KZ-normalized'!$D:$D, MATCH($A2, 'KZ-normalized'!$A:$A, 0))-INDEX('KZ-normalized'!$E:$E, MATCH($A2, 'KZ-normalized'!$A:$A, 0))), 0), 0))+(IFERROR(IF(8*INDEX('UZ-normalized'!$D:$D, MATCH($A2, 'UZ-normalized'!$A:$A, 0))-INDEX('UZ-normalized'!$E:$E, MATCH($A2, 'UZ-normalized'!$A:$A, 0))>0, -(8*INDEX('UZ-normalized'!$D:$D, MATCH($A2, 'UZ-normalized'!$A:$A, 0))-INDEX('UZ-normalized'!$E:$E, MATCH($A2, 'UZ-normalized'!$A:$A, 0))), 0), 0))) -> -258 | W2: =MIN(0, N2+(IFERROR(IF(9*INDEX('UA-normalized'!$D:$D, MATCH($A2, 'UA-normalized'!$A:$A, 0))-INDEX('UA-normalized'!$E:$E, MATCH($A2, 'UA-normalized'!$A:$A, 0))>0, -(9*INDEX('UA-normalized'!$D:$D, MATCH($A2, 'UA-normalized'!$A:$A, 0))-INDEX('UA-normalized'!$E:$E, MATCH($A2, 'UA-normalized'!$A:$A, 0))), 0), 0))+(IFERROR(IF(9*INDEX('KZ-normalized'!$D:$D, MATCH($A2, 'KZ-normalized'!$A:$A, 0))-INDEX('KZ-normalized'!$E:$E, MATCH($A2, 'KZ-normalized'!$A:$A, 0))>0, -(9*INDEX('KZ-normalized'!$D:$D, MATCH($A2, 'KZ-normalized'!$A:$A, 0))-INDEX('KZ-normalized'!$E:$E, MATCH($A2, 'KZ-normalized'!$A:$A, 0))), 0), 0))+(IFERROR(IF(9*INDEX('UZ-normalized'!$D:$D, MATCH($A2, 'UZ-normalized'!$A:$A, 0))-INDEX('UZ-normalized'!$E:$E, MATCH($A2, 'UZ-normalized'!$A:$A, 0))>0, -(9*INDEX('UZ-normalized'!$D:$D, MATCH($A2, 'UZ-normalized'!$A:$A, 0))-INDEX('UZ-normalized'!$E:$E, MATCH($A2, 'UZ-normalized'!$A:$A, 0))), 0), 0))) -> -318 | X2: =MIN(0, N2+(IFERROR(IF(10*INDEX('UA-normalized'!$D:$D, MATCH($A2, 'UA-normalized'!$A:$A, 0))-INDEX('UA-normalized'!$E:$E, MATCH($A2, 'UA-normalized'!$A:$A, 0))>0, -(10*INDEX('UA-normalized'!$D:$D, MATCH($A2, 'UA-normalized'!$A:$A, 0))-INDEX('UA-normalized'!$E:$E, MATCH($A2, 'UA-normalized'!$A:$A, 0))), 0), 0))+(IFERROR(IF(10*INDEX('KZ-normalized'!$D:$D, MATCH($A2, 'KZ-normalized'!$A:$A, 0))-INDEX('KZ-normalized'!$E:$E, MATCH($A2, 'KZ-normalized'!$A:$A, 0))>0, -(10*INDEX('KZ-normalized'!$D:$D, MATCH($A2, 'KZ-normalized'!$A:$A, 0))-INDEX('KZ-normalized'!$E:$E, MATCH($A2, 'KZ-normalized'!$A:$A, 0))), 0), 0))+(IFERROR(IF(10*INDEX('UZ-normalized'!$D:$D, MATCH($A2, 'UZ-normalized'!$A:$A, 0))-INDEX('UZ-normalized'!$E:$E, MATCH($A2, 'UZ-normalized'!$A:$A, 0))>0, -(10*INDEX('UZ-normalized'!$D:$D, MATCH($A2, 'UZ-normalized'!$A:$A, 0))-INDEX('UZ-normalized'!$E:$E, MATCH($A2, 'UZ-normalized'!$A:$A, 0))), 0), 0))) -> -378 | Y2: =MIN(0, N2+(IFERROR(IF(11*INDEX('UA-normalized'!$D:$D, MATCH($A2, 'UA-normalized'!$A:$A, 0))-INDEX('UA-normalized'!$E:$E, MATCH($A2, 'UA-normalized'!$A:$A, 0))>0, -(11*INDEX('UA-normalized'!$D:$D, MATCH($A2, 'UA-normalized'!$A:$A, 0))-INDEX('UA-normalized'!$E:$E, MATCH($A2, 'UA-normalized'!$A:$A, 0))), 0), 0))+(IFERROR(IF(11*INDEX('KZ-normalized'!$D:$D, MATCH($A2, 'KZ-normalized'!$A:$A, 0))-INDEX('KZ-normalized'!$E:$E, MATCH($A2, 'KZ-normalized'!$A:$A, 0))>0, -(11*INDEX('KZ-normalized'!$D:$D, MATCH($A2, 'KZ-normalized'!$A:$A, 0))-INDEX('KZ-normalized'!$E:$E, MATCH($A2, 'KZ-normalized'!$A:$A, 0))), 0), 0))+(IFERROR(IF(11*INDEX('UZ-normalized'!$D:$D, MATCH($A2, 'UZ-normalized'!$A:$A, 0))-INDEX('UZ-normalized'!$E:$E, MATCH($A2, 'UZ-normalized'!$A:$A, 0))>0, -(11*INDEX('UZ-normalized'!$D:$D, MATCH($A2, 'UZ-normalized'!$A:$A, 0))-INDEX('UZ-normalized'!$E:$E, MATCH($A2, 'UZ-normalized'!$A:$A, 0))), 0), 0))) -> -438 | Z2: =MIN(0, N2+(IFERROR(IF(12*INDEX('UA-normalized'!$D:$D, MATCH($A2, 'UA-normalized'!$A:$A, 0))-INDEX('UA-normalized'!$E:$E, MATCH($A2, 'UA-normalized'!$A:$A, 0))>0, -(12*INDEX('UA-normalized'!$D:$D, MATCH($A2, 'UA-normalized'!$A:$A, 0))-INDEX('UA-normalized'!$E:$E, MATCH($A2, 'UA-normalized'!$A:$A, 0))), 0), 0))+(IFERROR(IF(12*INDEX('KZ-normalized'!$D:$D, MATCH($A2, 'KZ-normalized'!$A:$A, 0))-INDEX('KZ-normalized'!$E:$E, MATCH($A2, 'KZ-normalized'!$A:$A, 0))>0, -(12*INDEX('KZ-normalized'!$D:$D, MATCH($A2, 'KZ-normalized'!$A:$A, 0))-INDEX('KZ-normalized'!$E:$E, MATCH($A2, 'KZ-normalized'!$A:$A, 0))), 0), 0))+(IFERROR(IF(12*INDEX('UZ-normalized'!$D:$D, MATCH($A2, 'UZ-normalized'!$A:$A, 0))-INDEX('UZ-normalized'!$E:$E, MATCH($A2, 'UZ-normalized'!$A:$A, 0))>0, -(12*INDEX('UZ-normalized'!$D:$D, MATCH($A2, 'UZ-normalized'!$A:$A, 0))-INDEX('UZ-normalized'!$E:$E, MATCH($A2, 'UZ-normalized'!$A:$A, 0))), 0), 0))) -> -498 | AA2: =MIN(0, N2+(IFERROR(IF(13*INDEX('UA-normalized'!$D:$D, MATCH($A2, 'UA-normalized'!$A:$A, 0))-INDEX('UA-normalized'!$E:$E, MATCH($A2, 'UA-normalized'!$A:$A, 0))>0, -(13*INDEX('UA-normalized'!$D:$D, MATCH($A2, 'UA-normalized'!$A:$A, 0))-INDEX('UA-normalized'!$E:$E, MATCH($A2, 'UA-normalized'!$A:$A, 0))), 0), 0))+(IFERROR(IF(13*INDEX('KZ-normalized'!$D:$D, MATCH($A2, 'KZ-normalized'!$A:$A, 0))-INDEX('KZ-normalized'!$E:$E, MATCH($A2, 'KZ-normalized'!$A:$A, 0))>0, -(13*INDEX('KZ-normalized'!$D:$D, MATCH($A2, 'KZ-normalized'!$A:$A, 0))-INDEX('KZ-normalized'!$E:$E, MATCH($A2, 'KZ-normalized'!$A:$A, 0))), 0), 0))+(IFERROR(IF(13*INDEX('UZ-normalized'!$D:$D, MATCH($A2, 'UZ-normalized'!$A:$A, 0))-INDEX('UZ-normalized'!$E:$E, MATCH($A2, 'UZ-normalized'!$A:$A, 0))>0, -(13*INDEX('UZ-normalized'!$D:$D, MATCH($A2, 'UZ-normalized'!$A:$A, 0))-INDEX('UZ-normalized'!$E:$E, MATCH($A2, 'UZ-normalized'!$A:$A, 0))), 0), 0))) -> -558 | AB2: =MIN(0, N2+(IFERROR(IF(14*INDEX('UA-normalized'!$D:$D, MATCH($A2, 'UA-normalized'!$A:$A, 0))-INDEX('UA-normalized'!$E:$E, MATCH($A2, 'UA-normalized'!$A:$A, 0))>0, -(14*INDEX('UA-normalized'!$D:$D, MATCH($A2, 'UA-normalized'!$A:$A, 0))-INDEX('UA-normalized'!$E:$E, MATCH($A2, 'UA-normalized'!$A:$A, 0))), 0), 0))+(IFERROR(IF(14*INDEX('KZ-normalized'!$D:$D, MATCH($A2, 'KZ-normalized'!$A:$A, 0))-INDEX('KZ-normalized'!$E:$E, MATCH($A2, 'KZ-normalized'!$A:$A, 0))>0, -(14*INDEX('KZ-normalized'!$D:$D, MATCH($A2, 'KZ-normalized'!$A:$A, 0))-INDEX('KZ-normalized'!$E:$E, MATCH($A2, 'KZ-normalized'!$A:$A, 0))), 0), 0))+(IFERROR(IF(14*INDEX('UZ-normalized'!$D:$D, MATCH($A2, 'UZ-normalized'!$A:$A, 0))-INDEX('UZ-normalized'!$E:$E, MATCH($A2, 'UZ-normalized'!$A:$A, 0))>0, -(14*INDEX('UZ-normalized'!$D:$D, MATCH($A2, 'UZ-normalized'!$A:$A, 0))-INDEX('UZ-normalized'!$E:$E, MATCH($A2, 'UZ-normalized'!$A:$A, 0))), 0), 0))) -> -618 | AC2: =MIN(0, N2+(IFERROR(IF(15*INDEX('UA-normalized'!$D:$D, MATCH($A2, 'UA-normalized'!$A:$A, 0))-INDEX('UA-normalized'!$E:$E, MATCH($A2, 'UA-normalized'!$A:$A, 0))>0, -(15*INDEX('UA-normalized'!$D:$D, MATCH($A2, 'UA-normalized'!$A:$A, 0))-INDEX('UA-normalized'!$E:$E, MATCH($A2, 'UA-normalized'!$A:$A, 0))), 0), 0))+(IFERROR(IF(15*INDEX('KZ-normalized'!$D:$D, MATCH($A2, 'KZ-normalized'!$A:$A, 0))-INDEX('KZ-normalized'!$E:$E, MATCH($A2, 'KZ-normalized'!$A:$A, 0))>0, -(15*INDEX('KZ-normalized'!$D:$D, MATCH($A2, 'KZ-normalized'!$A:$A, 0))-INDEX('KZ-normalized'!$E:$E, MATCH($A2, 'KZ-normalized'!$A:$A, 0))), 0), 0))+(IFERROR(IF(15*INDEX('UZ-normalized'!$D:$D, MATCH($A2, 'UZ-normalized'!$A:$A, 0))-INDEX('UZ-normalized'!$E:$E, MATCH($A2, 'UZ-normalized'!$A:$A, 0))>0, -(15*INDEX('UZ-normalized'!$D:$D, MATCH($A2, 'UZ-normalized'!$A:$A, 0))-INDEX('UZ-normalized'!$E:$E, MATCH($A2, 'UZ-normalized'!$A:$A, 0))), 0), 0))) -> -678 | AD2: =MIN(0, N2+(IFERROR(IF(16*INDEX('UA-normalized'!$D:$D, MATCH($A2, 'UA-normalized'!$A:$A, 0))-INDEX('UA-normalized'!$E:$E, MATCH($A2, 'UA-normalized'!$A:$A, 0))>0, -(16*INDEX('UA-normalized'!$D:$D, MATCH($A2, 'UA-normalized'!$A:$A, 0))-INDEX('UA-normalized'!$E:$E, MATCH($A2, 'UA-normalized'!$A:$A, 0))), 0), 0))+(IFERROR(IF(16*INDEX('KZ-normalized'!$D:$D, MATCH($A2, 'KZ-normalized'!$A:$A, 0))-INDEX('KZ-normalized'!$E:$E, MATCH($A2, 'KZ-normalized'!$A:$A, 0))>0, -(16*INDEX('KZ-normalized'!$D:$D, MATCH($A2, 'KZ-normalized'!$A:$A, 0))-INDEX('KZ-normalized'!$E:$E, MATCH($A2, 'KZ-normalized'!$A:$A, 0))), 0), 0))+(IFERROR(IF(16*INDEX('UZ-normalized'!$D:$D, MATCH($A2, 'UZ-normalized'!$A:$A, 0))-INDEX('UZ-normalized'!$E:$E, MATCH($A2, 'UZ-normalized'!$A:$A, 0))>0, -(16*INDEX('UZ-normalized'!$D:$D, MATCH($A2, 'UZ-normalized'!$A:$A, 0))-INDEX('UZ-normalized'!$E:$E, MATCH($A2, 'UZ-normalized'!$A:$A, 0))), 0), 0))) -> -738 | AE2: =MIN(0, N2+(IFERROR(IF(17*INDEX('UA-normalized'!$D:$D, MATCH($A2, 'UA-normalized'!$A:$A, 0))-INDEX('UA-normalized'!$E:$E, MATCH($A2, 'UA-normalized'!$A:$A, 0))>0, -(17*INDEX('UA-normalized'!$D:$D, MATCH($A2, 'UA-normalized'!$A:$A, 0))-INDEX('UA-normalized'!$E:$E, MATCH($A2, 'UA-normalized'!$A:$A, 0))), 0), 0))+(IFERROR(IF(17*INDEX('KZ-normalized'!$D:$D, MATCH($A2, 'KZ-normalized'!$A:$A, 0))-INDEX('KZ-normalized'!$E:$E, MATCH($A2, 'KZ-normalized'!$A:$A, 0))>0, -(17*INDEX('KZ-normalized'!$D:$D, MATCH($A2, 'KZ-normalized'!$A:$A, 0))-INDEX('KZ-normalized'!$E:$E, MATCH($A2, 'KZ-normalized'!$A:$A, 0))), 0), 0))+(IFERROR(IF(17*INDEX('UZ-normalized'!$D:$D, MATCH($A2, 'UZ-normalized'!$A:$A, 0))-INDEX('UZ-normalized'!$E:$E, MATCH($A2, 'UZ-normalized'!$A:$A, 0))>0, -(17*INDEX('UZ-normalized'!$D:$D, MATCH($A2, 'UZ-normalized'!$A:$A, 0))-INDEX('UZ-normalized'!$E:$E, MATCH($A2, 'UZ-normalized'!$A:$A, 0))), 0), 0))) -> -798 | AF2: =MIN(0, N2+(IFERROR(IF(18*INDEX('UA-normalized'!$D:$D, MATCH($A2, 'UA-normalized'!$A:$A, 0))-INDEX('UA-normalized'!$E:$E, MATCH($A2, 'UA-normalized'!$A:$A, 0))>0, -(18*INDEX('UA-normalized'!$D:$D, MATCH($A2, 'UA-normalized'!$A:$A, 0))-INDEX('UA-normalized'!$E:$E, MATCH($A2, 'UA-normalized'!$A:$A, 0))), 0), 0))+(IFERROR(IF(18*INDEX('KZ-normalized'!$D:$D, MATCH($A2, 'KZ-normalized'!$A:$A, 0))-INDEX('KZ-normalized'!$E:$E, MATCH($A2, 'KZ-normalized'!$A:$A, 0))>0, -(18*INDEX('KZ-normalized'!$D:$D, MATCH($A2, 'KZ-normalized'!$A:$A, 0))-INDEX('KZ-normalized'!$E:$E, MATCH($A2, 'KZ-normalized'!$A:$A, 0))), 0), 0))+(IFERROR(IF(18*INDEX('UZ-normalized'!$D:$D, MATCH($A2, 'UZ-normalized'!$A:$A, 0))-INDEX('UZ-normalized'!$E:$E, MATCH($A2, 'UZ-normalized'!$A:$A, 0))>0, -(18*INDEX('UZ-normalized'!$D:$D, MATCH($A2, 'UZ-normalized'!$A:$A, 0))-INDEX('UZ-normalized'!$E:$E, MATCH($A2, 'UZ-normalized'!$A:$A, 0))), 0), 0))) -> -858 | AG2: =MIN(0, N2+(IFERROR(IF(19*INDEX('UA-normalized'!$D:$D, MATCH($A2, 'UA-normalized'!$A:$A, 0))-INDEX('UA-normalized'!$E:$E, MATCH($A2, 'UA-normalized'!$A:$A, 0))>0, -(19*INDEX('UA-normalized'!$D:$D, MATCH($A2, 'UA-normalized'!$A:$A, 0))-INDEX('UA-normalized'!$E:$E, MATCH($A2, 'UA-normalized'!$A:$A, 0))), 0), 0))+(IFERROR(IF(19*INDEX('KZ-normalized'!$D:$D, MATCH($A2, 'KZ-normalized'!$A:$A, 0))-INDEX('KZ-normalized'!$E:$E, MATCH($A2, 'KZ-normalized'!$A:$A, 0))>0, -(19*INDEX('KZ-normalized'!$D:$D, MATCH($A2, 'KZ-normalized'!$A:$A, 0))-INDEX('KZ-normalized'!$E:$E, MATCH($A2, 'KZ-normalized'!$A:$A, 0))), 0), 0))+(IFERROR(IF(19*INDEX('UZ-normalized'!$D:$D, MATCH($A2, 'UZ-normalized'!$A:$A, 0))-INDEX('UZ-normalized'!$E:$E, MATCH($A2, 'UZ-normalized'!$A:$A, 0))>0, -(19*INDEX('UZ-normalized'!$D:$D, MATCH($A2, 'UZ-normalized'!$A:$A, 0))-INDEX('UZ-normalized'!$E:$E, MATCH($A2, 'UZ-normalized'!$A:$A, 0))), 0), 0))) -> -918 | AH2: =MIN(0, N2+(IFERROR(IF(20*INDEX('UA-normalized'!$D:$D, MATCH($A2, 'UA-normalized'!$A:$A, 0))-INDEX('UA-normalized'!$E:$E, MATCH($A2, 'UA-normalized'!$A:$A, 0))>0, -(20*INDEX('UA-normalized'!$D:$D, MATCH($A2, 'UA-normalized'!$A:$A, 0))-INDEX('UA-normalized'!$E:$E, MATCH($A2, 'UA-normalized'!$A:$A, 0))), 0), 0))+(IFERROR(IF(20*INDEX('KZ-normalized'!$D:$D, MATCH($A2, 'KZ-normalized'!$A:$A, 0))-INDEX('KZ-normalized'!$E:$E, MATCH($A2, 'KZ-normalized'!$A:$A, 0))>0, -(20*INDEX('KZ-normalized'!$D:$D, MATCH($A2, 'KZ-normalized'!$A:$A, 0))-INDEX('KZ-normalized'!$E:$E, MATCH($A2, 'KZ-normalized'!$A:$A, 0))), 0), 0))+(IFERROR(IF(20*INDEX('UZ-normalized'!$D:$D, MATCH($A2, 'UZ-normalized'!$A:$A, 0))-INDEX('UZ-normalized'!$E:$E, MATCH($A2, 'UZ-normalized'!$A:$A, 0))>0, -(20*INDEX('UZ-normalized'!$D:$D, MATCH($A2, 'UZ-normalized'!$A:$A, 0))-INDEX('UZ-normalized'!$E:$E, MATCH($A2, 'UZ-normalized'!$A:$A, 0))), 0), 0))) -> -978 | AI2: =MIN(0, N2+(IFERROR(IF(21*INDEX('UA-normalized'!$D:$D, MATCH($A2, 'UA-normalized'!$A:$A, 0))-INDEX('UA-normalized'!$E:$E, MATCH($A2, 'UA-normalized'!$A:$A, 0))>0, -(21*INDEX('UA-normalized'!$D:$D, MATCH($A2, 'UA-normalized'!$A:$A, 0))-INDEX('UA-normalized'!$E:$E, MATCH($A2, 'UA-normalized'!$A:$A, 0))), 0), 0))+(IFERROR(IF(21*INDEX('KZ-normalized'!$D:$D, MATCH($A2, 'KZ-normalized'!$A:$A, 0))-INDEX('KZ-normalized'!$E:$E, MATCH($A2, 'KZ-normalized'!$A:$A, 0))>0, -(21*INDEX('KZ-normalized'!$D:$D, MATCH($A2, 'KZ-normalized'!$A:$A, 0))-INDEX('KZ-normalized'!$E:$E, MATCH($A2, 'KZ-normalized'!$A:$A, 0))), 0), 0))+(IFERROR(IF(21*INDEX('UZ-normalized'!$D:$D, MATCH($A2, 'UZ-normalized'!$A:$A, 0))-INDEX('UZ-normalized'!$E:$E, MATCH($A2, 'UZ-normalized'!$A:$A, 0))>0, -(21*INDEX('UZ-normalized'!$D:$D, MATCH($A2, 'UZ-normalized'!$A:$A, 0))-INDEX('UZ-normalized'!$E:$E, MATCH($A2, 'UZ-normalized'!$A:$A, 0))), 0), 0))) -> -1038 | AJ2: =MIN(0, N2+(IFERROR(IF(22*INDEX('UA-normalized'!$D:$D, MATCH($A2, 'UA-normalized'!$A:$A, 0))-INDEX('UA-normalized'!$E:$E, MATCH($A2, 'UA-normalized'!$A:$A, 0))>0, -(22*INDEX('UA-normalized'!$D:$D, MATCH($A2, 'UA-normalized'!$A:$A, 0))-INDEX('UA-normalized'!$E:$E, MATCH($A2, 'UA-normalized'!$A:$A, 0))), 0), 0))+(IFERROR(IF(22*INDEX('KZ-normalized'!$D:$D, MATCH($A2, 'KZ-normalized'!$A:$A, 0))-INDEX('KZ-normalized'!$E:$E, MATCH($A2, 'KZ-normalized'!$A:$A, 0))>0, -(22*INDEX('KZ-normalized'!$D:$D, MATCH($A2, 'KZ-normalized'!$A:$A, 0))-INDEX('KZ-normalized'!$E:$E, MATCH($A2, 'KZ-normalized'!$A:$A, 0))), 0), 0))+(IFERROR(IF(22*INDEX('UZ-normalized'!$D:$D, MATCH($A2, 'UZ-normalized'!$A:$A, 0))-INDEX('UZ-normalized'!$E:$E, MATCH($A2, 'UZ-normalized'!$A:$A, 0))>0, -(22*INDEX('UZ-normalized'!$D:$D, MATCH($A2, 'UZ-normalized'!$A:$A, 0))-INDEX('UZ-normalized'!$E:$E, MATCH($A2, 'UZ-normalized'!$A:$A, 0))), 0), 0))) -> -1098 | AK2: =MIN(0, N2+(IFERROR(IF(23*INDEX('UA-normalized'!$D:$D, MATCH($A2, 'UA-normalized'!$A:$A, 0))-INDEX('UA-normalized'!$E:$E, MATCH($A2, 'UA-normalized'!$A:$A, 0))>0, -(23*INDEX('UA-normalized'!$D:$D, MATCH($A2, 'UA-normalized'!$A:$A, 0))-INDEX('UA-normalized'!$E:$E, MATCH($A2, 'UA-normalized'!$A:$A, 0))), 0), 0))+(IFERROR(IF(23*INDEX('KZ-normalized'!$D:$D, MATCH($A2, 'KZ-normalized'!$A:$A, 0))-INDEX('KZ-normalized'!$E:$E, MATCH($A2, 'KZ-normalized'!$A:$A, 0))>0, -(23*INDEX('KZ-normalized'!$D:$D, MATCH($A2, 'KZ-normalized'!$A:$A, 0))-INDEX('KZ-normalized'!$E:$E, MATCH($A2, 'KZ-normalized'!$A:$A, 0))), 0), 0))+(IFERROR(IF(23*INDEX('UZ-normalized'!$D:$D, MATCH($A2, 'UZ-normalized'!$A:$A, 0))-INDEX('UZ-normalized'!$E:$E, MATCH($A2, 'UZ-normalized'!$A:$A, 0))>0, -(23*INDEX('UZ-normalized'!$D:$D, MATCH($A2, 'UZ-normalized'!$A:$A, 0))-INDEX('UZ-normalized'!$E:$E, MATCH($A2, 'UZ-normalized'!$A:$A, 0))), 0), 0))) -> -1158 | AL2: =MIN(0, N2+(IFERROR(IF(24*INDEX('UA-normalized'!$D:$D, MATCH($A2, 'UA-normalized'!$A:$A, 0))-INDEX('UA-normalized'!$E:$E, MATCH($A2, 'UA-normalized'!$A:$A, 0))>0, -(24*INDEX('UA-normalized'!$D:$D, MATCH($A2, 'UA-normalized'!$A:$A, 0))-INDEX('UA-normalized'!$E:$E, MATCH($A2, 'UA-normalized'!$A:$A, 0))), 0), 0))+(IFERROR(IF(24*INDEX('KZ-normalized'!$D:$D, MATCH($A2, 'KZ-normalized'!$A:$A, 0))-INDEX('KZ-normalized'!$E:$E, MATCH($A2, 'KZ-normalized'!$A:$A, 0))>0, -(24*INDEX('KZ-normalized'!$D:$D, MATCH($A2, 'KZ-normalized'!$A:$A, 0))-INDEX('KZ-normalized'!$E:$E, MATCH($A2, 'KZ-normalized'!$A:$A, 0))), 0), 0))+(IFERROR(IF(24*INDEX('UZ-normalized'!$D:$D, MATCH($A2, 'UZ-normalized'!$A:$A, 0))-INDEX('UZ-normalized'!$E:$E, MATCH($A2, 'UZ-normalized'!$A:$A, 0))>0, -(24*INDEX('UZ-normalized'!$D:$D, MATCH($A2, 'UZ-normalized'!$A:$A, 0))-INDEX('UZ-normalized'!$E:$E, MATCH($A2, 'UZ-normalized'!$A:$A, 0))), 0), 0))) -> -1218 | AM2: =MIN(0, N2+(IFERROR(IF(25*INDEX('UA-normalized'!$D:$D, MATCH($A2, 'UA-normalized'!$A:$A, 0))-INDEX('UA-normalized'!$E:$E, MATCH($A2, 'UA-normalized'!$A:$A, 0))>0, -(25*INDEX('UA-normalized'!$D:$D, MATCH($A2, 'UA-normalized'!$A:$A, 0))-INDEX('UA-normalized'!$E:$E, MATCH($A2, 'UA-normalized'!$A:$A, 0))), 0), 0))+(IFERROR(IF(25*INDEX('KZ-normalized'!$D:$D, MATCH($A2, 'KZ-normalized'!$A:$A, 0))-INDEX('KZ-normalized'!$E:$E, MATCH($A2, 'KZ-normalized'!$A:$A, 0))>0, -(25*INDEX('KZ-normalized'!$D:$D, MATCH($A2, 'KZ-normalized'!$A:$A, 0))-INDEX('KZ-normalized'!$E:$E, MATCH($A2, 'KZ-normalized'!$A:$A, 0))), 0), 0))+(IFERROR(IF(25*INDEX('UZ-normalized'!$D:$D, MATCH($A2, 'UZ-normalized'!$A:$A, 0))-INDEX('UZ-normalized'!$E:$E, MATCH($A2, 'UZ-normalized'!$A:$A, 0))>0, -(25*INDEX('UZ-normalized'!$D:$D, MATCH($A2, 'UZ-normalized'!$A:$A, 0))-INDEX('UZ-normalized'!$E:$E, MATCH($A2, 'UZ-normalized'!$A:$A, 0))), 0), 0))) -> -1278 | AN2: =MIN(0, N2+(IFERROR(IF(26*INDEX('UA-normalized'!$D:$D, MATCH($A2, 'UA-normalized'!$A:$A, 0))-INDEX('UA-normalized'!$E:$E, MATCH($A2, 'UA-normalized'!$A:$A, 0))>0, -(26*INDEX('UA-normalized'!$D:$D, MATCH($A2, 'UA-normalized'!$A:$A, 0))-INDEX('UA-normalized'!$E:$E, MATCH($A2, 'UA-normalized'!$A:$A, 0))), 0), 0))+(IFERROR(IF(26*INDEX('KZ-normalized'!$D:$D, MATCH($A2, 'KZ-normalized'!$A:$A, 0))-INDEX('KZ-normalized'!$E:$E, MATCH($A2, 'KZ-normalized'!$A:$A, 0))>0, -(26*INDEX('KZ-normalized'!$D:$D, MATCH($A2, 'KZ-normalized'!$A:$A, 0))-INDEX('KZ-normalized'!$E:$E, MATCH($A2, 'KZ-normalized'!$A:$A, 0))), 0), 0))+(IFERROR(IF(26*INDEX('UZ-normalized'!$D:$D, MATCH($A2, 'UZ-normalized'!$A:$A, 0))-INDEX('UZ-normalized'!$E:$E, MATCH($A2, 'UZ-normalized'!$A:$A, 0))>0, -(26*INDEX('UZ-normalized'!$D:$D, MATCH($A2, 'UZ-normalized'!$A:$A, 0))-INDEX('UZ-normalized'!$E:$E, MATCH($A2, 'UZ-normalized'!$A:$A, 0))), 0), 0))) -> -1338 | AO2: =MIN(0, N2+(IFERROR(IF(27*INDEX('UA-normalized'!$D:$D, MATCH($A2, 'UA-normalized'!$A:$A, 0))-INDEX('UA-normalized'!$E:$E, MATCH($A2, 'UA-normalized'!$A:$A, 0))>0, -(27*INDEX('UA-normalized'!$D:$D, MATCH($A2, 'UA-normalized'!$A:$A, 0))-INDEX('UA-normalized'!$E:$E, MATCH($A2, 'UA-normalized'!$A:$A, 0))), 0), 0))+(IFERROR(IF(27*INDEX('KZ-normalized'!$D:$D, MATCH($A2, 'KZ-normalized'!$A:$A, 0))-INDEX('KZ-normalized'!$E:$E, MATCH($A2, 'KZ-normalized'!$A:$A, 0))>0, -(27*INDEX('KZ-normalized'!$D:$D, MATCH($A2, 'KZ-normalized'!$A:$A, 0))-INDEX('KZ-normalized'!$E:$E, MATCH($A2, 'KZ-normalized'!$A:$A, 0))), 0), 0))+(IFERROR(IF(27*INDEX('UZ-normalized'!$D:$D, MATCH($A2, 'UZ-normalized'!$A:$A, 0))-INDEX('UZ-normalized'!$E:$E, MATCH($A2, 'UZ-normalized'!$A:$A, 0))>0, -(27*INDEX('UZ-normalized'!$D:$D, MATCH($A2, 'UZ-normalized'!$A:$A, 0))-INDEX('UZ-normalized'!$E:$E, MATCH($A2, 'UZ-normalized'!$A:$A, 0))), 0), 0))) -> -1398 | AP2: =MIN(0, N2+(IFERROR(IF(28*INDEX('UA-normalized'!$D:$D, MATCH($A2, 'UA-normalized'!$A:$A, 0))-INDEX('UA-normalized'!$E:$E, MATCH($A2, 'UA-normalized'!$A:$A, 0))>0, -(28*INDEX('UA-normalized'!$D:$D, MATCH($A2, 'UA-normalized'!$A:$A, 0))-INDEX('UA-normalized'!$E:$E, MATCH($A2, 'UA-normalized'!$A:$A, 0))), 0), 0))+(IFERROR(IF(28*INDEX('KZ-normalized'!$D:$D, MATCH($A2, 'KZ-normalized'!$A:$A, 0))-INDEX('KZ-normalized'!$E:$E, MATCH($A2, 'KZ-normalized'!$A:$A, 0))>0, -(28*INDEX('KZ-normalized'!$D:$D, MATCH($A2, 'KZ-normalized'!$A:$A, 0))-INDEX('KZ-normalized'!$E:$E, MATCH($A2, 'KZ-normalized'!$A:$A, 0))), 0), 0))+(IFERROR(IF(28*INDEX('UZ-normalized'!$D:$D, MATCH($A2, 'UZ-normalized'!$A:$A, 0))-INDEX('UZ-normalized'!$E:$E, MATCH($A2, 'UZ-normalized'!$A:$A, 0))>0, -(28*INDEX('UZ-normalized'!$D:$D, MATCH($A2, 'UZ-normalized'!$A:$A, 0))-INDEX('UZ-normalized'!$E:$E, MATCH($A2, 'UZ-normalized'!$A:$A, 0))), 0), 0))) -> -1458 | AQ2: =MIN(0, N2+(IFERROR(IF(29*INDEX('UA-normalized'!$D:$D, MATCH($A2, 'UA-normalized'!$A:$A, 0))-INDEX('UA-normalized'!$E:$E, MATCH($A2, 'UA-normalized'!$A:$A, 0))>0, -(29*INDEX('UA-normalized'!$D:$D, MATCH($A2, 'UA-normalized'!$A:$A, 0))-INDEX('UA-normalized'!$E:$E, MATCH($A2, 'UA-normalized'!$A:$A, 0))), 0), 0))+(IFERROR(IF(29*INDEX('KZ-normalized'!$D:$D, MATCH($A2, 'KZ-normalized'!$A:$A, 0))-INDEX('KZ-normalized'!$E:$E, MATCH($A2, 'KZ-normalized'!$A:$A, 0))>0, -(29*INDEX('KZ-normalized'!$D:$D, MATCH($A2, 'KZ-normalized'!$A:$A, 0))-INDEX('KZ-normalized'!$E:$E, MATCH($A2, 'KZ-normalized'!$A:$A, 0))), 0), 0))+(IFERROR(IF(29*INDEX('UZ-normalized'!$D:$D, MATCH($A2, 'UZ-normalized'!$A:$A, 0))-INDEX('UZ-normalized'!$E:$E, MATCH($A2, 'UZ-normalized'!$A:$A, 0))>0, -(29*INDEX('UZ-normalized'!$D:$D, MATCH($A2, 'UZ-normalized'!$A:$A, 0))-INDEX('UZ-normalized'!$E:$E, MATCH($A2, 'UZ-normalized'!$A:$A, 0))), 0), 0))) -> -1518 | AR2: =MIN(0, N2+(IFERROR(IF(30*INDEX('UA-normalized'!$D:$D, MATCH($A2, 'UA-normalized'!$A:$A, 0))-INDEX('UA-normalized'!$E:$E, MATCH($A2, 'UA-normalized'!$A:$A, 0))>0, -(30*INDEX('UA-normalized'!$D:$D, MATCH($A2, 'UA-normalized'!$A:$A, 0))-INDEX('UA-normalized'!$E:$E, MATCH($A2, 'UA-normalized'!$A:$A, 0))), 0), 0))+(IFERROR(IF(30*INDEX('KZ-normalized'!$D:$D, MATCH($A2, 'KZ-normalized'!$A:$A, 0))-INDEX('KZ-normalized'!$E:$E, MATCH($A2, 'KZ-normalized'!$A:$A, 0))>0, -(30*INDEX('KZ-normalized'!$D:$D, MATCH($A2, 'KZ-normalized'!$A:$A, 0))-INDEX('KZ-normalized'!$E:$E, MATCH($A2, 'KZ-normalized'!$A:$A, 0))), 0), 0))+(IFERROR(IF(30*INDEX('UZ-normalized'!$D:$D, MATCH($A2, 'UZ-normalized'!$A:$A, 0))-INDEX('UZ-normalized'!$E:$E, MATCH($A2, 'UZ-normalized'!$A:$A, 0))>0, -(30*INDEX('UZ-normalized'!$D:$D, MATCH($A2, 'UZ-normalized'!$A:$A, 0))-INDEX('UZ-normalized'!$E:$E, MATCH($A2, 'UZ-normalized'!$A:$A, 0))), 0), 0))) -> -1578
A3: PR-CHE-49-1405-025-SET | B3: CHE | C3: 1405 | D3: 19-1405-025 | N3: =SUM(E3:M3) -> 0 | O3: =MIN(0, N3+(IFERROR(IF(1*INDEX('UA-normalized'!$D:$D, MATCH($A3, 'UA-normalized'!$A:$A, 0))-INDEX('UA-normalized'!$E:$E, MATCH($A3, 'UA-normalized'!$A:$A, 0))>0, -(1*INDEX('UA-normalized'!$D:$D, MATCH($A3, 'UA-normalized'!$A:$A, 0))-INDEX('UA-normalized'!$E:$E, MATCH($A3, 'UA-normalized'!$A:$A, 0))), 0), 0))+(IFERROR(IF(1*INDEX('KZ-normalized'!$D:$D, MATCH($A3, 'KZ-normalized'!$A:$A, 0))-INDEX('KZ-normalized'!$E:$E, MATCH($A3, 'KZ-normalized'!$A:$A, 0))>0, -(1*INDEX('KZ-normalized'!$D:$D, MATCH($A3, 'KZ-normalized'!$A:$A, 0))-INDEX('KZ-normalized'!$E:$E, MATCH($A3, 'KZ-normalized'!$A:$A, 0))), 0), 0))+(IFERROR(IF(1*INDEX('UZ-normalized'!$D:$D, MATCH($A3, 'UZ-normalized'!$A:$A, 0))-INDEX('UZ-normalized'!$E:$E, MATCH($A3, 'UZ-normalized'!$A:$A, 0))>0, -(1*INDEX('UZ-normalized'!$D:$D, MATCH($A3, 'UZ-normalized'!$A:$A, 0))-INDEX('UZ-normalized'!$E:$E, MATCH($A3, 'UZ-normalized'!$A:$A, 0))), 0), 0))) -> 0 | P3: =MIN(0, N3+(IFERROR(IF(2*INDEX('UA-normalized'!$D:$D, MATCH($A3, 'UA-normalized'!$A:$A, 0))-INDEX('UA-normalized'!$E:$E, MATCH($A3, 'UA-normalized'!$A:$A, 0))>0, -(2*INDEX('UA-normalized'!$D:$D, MATCH($A3, 'UA-normalized'!$A:$A, 0))-INDEX('UA-normalized'!$E:$E, MATCH($A3, 'UA-normalized'!$A:$A, 0))), 0), 0))+(IFERROR(IF(2*INDEX('KZ-normalized'!$D:$D, MATCH($A3, 'KZ-normalized'!$A:$A, 0))-INDEX('KZ-normalized'!$E:$E, MATCH($A3, 'KZ-normalized'!$A:$A, 0))>0, -(2*INDEX('KZ-normalized'!$D:$D, MATCH($A3, 'KZ-normalized'!$A:$A, 0))-INDEX('KZ-normalized'!$E:$E, MATCH($A3, 'KZ-normalized'!$A:$A, 0))), 0), 0))+(IFERROR(IF(2*INDEX('UZ-normalized'!$D:$D, MATCH($A3, 'UZ-normalized'!$A:$A, 0))-INDEX('UZ-normalized'!$E:$E, MATCH($A3, 'UZ-normalized'!$A:$A, 0))>0, -(2*INDEX('UZ-normalized'!$D:$D, MATCH($A3, 'UZ-normalized'!$A:$A, 0))-INDEX('UZ-normalized'!$E:$E, MATCH($A3, 'UZ-normalized'!$A:$A, 0))), 0), 0))) -> 0 | Q3: =MIN(0, N3+(IFERROR(IF(3*INDEX('UA-normalized'!$D:$D, MATCH($A3, 'UA-normalized'!$A:$A, 0))-INDEX('UA-normalized'!$E:$E, MATCH($A3, 'UA-normalized'!$A:$A, 0))>0, -(3*INDEX('UA-normalized'!$D:$D, MATCH($A3, 'UA-normalized'!$A:$A, 0))-INDEX('UA-normalized'!$E:$E, MATCH($A3, 'UA-normalized'!$A:$A, 0))), 0), 0))+(IFERROR(IF(3*INDEX('KZ-normalized'!$D:$D, MATCH($A3, 'KZ-normalized'!$A:$A, 0))-INDEX('KZ-normalized'!$E:$E, MATCH($A3, 'KZ-normalized'!$A:$A, 0))>0, -(3*INDEX('KZ-normalized'!$D:$D, MATCH($A3, 'KZ-normalized'!$A:$A, 0))-INDEX('KZ-normalized'!$E:$E, MATCH($A3, 'KZ-normalized'!$A:$A, 0))), 0), 0))+(IFERROR(IF(3*INDEX('UZ-normalized'!$D:$D, MATCH($A3, 'UZ-normalized'!$A:$A, 0))-INDEX('UZ-normalized'!$E:$E, MATCH($A3, 'UZ-normalized'!$A:$A, 0))>0, -(3*INDEX('UZ-normalized'!$D:$D, MATCH($A3, 'UZ-normalized'!$A:$A, 0))-INDEX('UZ-normalized'!$E:$E, MATCH($A3, 'UZ-normalized'!$A:$A, 0))), 0), 0))) -> 0 | R3: =MIN(0, N3+(IFERROR(IF(4*INDEX('UA-normalized'!$D:$D, MATCH($A3, 'UA-normalized'!$A:$A, 0))-INDEX('UA-normalized'!$E:$E, MATCH($A3, 'UA-normalized'!$A:$A, 0))>0, -(4*INDEX('UA-normalized'!$D:$D, MATCH($A3, 'UA-normalized'!$A:$A, 0))-INDEX('UA-normalized'!$E:$E, MATCH($A3, 'UA-normalized'!$A:$A, 0))), 0), 0))+(IFERROR(IF(4*INDEX('KZ-normalized'!$D:$D, MATCH($A3, 'KZ-normalized'!$A:$A, 0))-INDEX('KZ-normalized'!$E:$E, MATCH($A3, 'KZ-normalized'!$A:$A, 0))>0, -(4*INDEX('KZ-normalized'!$D:$D, MATCH($A3, 'KZ-normalized'!$A:$A, 0))-INDEX('KZ-normalized'!$E:$E, MATCH($A3, 'KZ-normalized'!$A:$A, 0))), 0), 0))+(IFERROR(IF(4*INDEX('UZ-normalized'!$D:$D, MATCH($A3, 'UZ-normalized'!$A:$A, 0))-INDEX('UZ-normalized'!$E:$E, MATCH($A3, 'UZ-normalized'!$A:$A, 0))>0, -(4*INDEX('UZ-normalized'!$D:$D, MATCH($A3, 'UZ-normalized'!$A:$A, 0))-INDEX('UZ-normalized'!$E:$E, MATCH($A3, 'UZ-normalized'!$A:$A, 0))), 0), 0))) -> 0 | S3: =MIN(0, N3+(IFERROR(IF(5*INDEX('UA-normalized'!$D:$D, MATCH($A3, 'UA-normalized'!$A:$A, 0))-INDEX('UA-normalized'!$E:$E, MATCH($A3, 'UA-normalized'!$A:$A, 0))>0, -(5*INDEX('UA-normalized'!$D:$D, MATCH($A3, 'UA-normalized'!$A:$A, 0))-INDEX('UA-normalized'!$E:$E, MATCH($A3, 'UA-normalized'!$A:$A, 0))), 0), 0))+(IFERROR(IF(5*INDEX('KZ-normalized'!$D:$D, MATCH($A3, 'KZ-normalized'!$A:$A, 0))-INDEX('KZ-normalized'!$E:$E, MATCH($A3, 'KZ-normalized'!$A:$A, 0))>0, -(5*INDEX('KZ-normalized'!$D:$D, MATCH($A3, 'KZ-normalized'!$A:$A, 0))-INDEX('KZ-normalized'!$E:$E, MATCH($A3, 'KZ-normalized'!$A:$A, 0))), 0), 0))+(IFERROR(IF(5*INDEX('UZ-normalized'!$D:$D, MATCH($A3, 'UZ-normalized'!$A:$A, 0))-INDEX('UZ-normalized'!$E:$E, MATCH($A3, 'UZ-normalized'!$A:$A, 0))>0, -(5*INDEX('UZ-normalized'!$D:$D, MATCH($A3, 'UZ-normalized'!$A:$A, 0))-INDEX('UZ-normalized'!$E:$E, MATCH($A3, 'UZ-normalized'!$A:$A, 0))), 0), 0))) -> 0 | T3: =MIN(0, N3+(IFERROR(IF(6*INDEX('UA-normalized'!$D:$D, MATCH($A3, 'UA-normalized'!$A:$A, 0))-INDEX('UA-normalized'!$E:$E, MATCH($A3, 'UA-normalized'!$A:$A, 0))>0, -(6*INDEX('UA-normalized'!$D:$D, MATCH($A3, 'UA-normalized'!$A:$A, 0))-INDEX('UA-normalized'!$E:$E, MATCH($A3, 'UA-normalized'!$A:$A, 0))), 0), 0))+(IFERROR(IF(6*INDEX('KZ-normalized'!$D:$D, MATCH($A3, 'KZ-normalized'!$A:$A, 0))-INDEX('KZ-normalized'!$E:$E, MATCH($A3, 'KZ-normalized'!$A:$A, 0))>0, -(6*INDEX('KZ-normalized'!$D:$D, MATCH($A3, 'KZ-normalized'!$A:$A, 0))-INDEX('KZ-normalized'!$E:$E, MATCH($A3, 'KZ-normalized'!$A:$A, 0))), 0), 0))+(IFERROR(IF(6*INDEX('UZ-normalized'!$D:$D, MATCH($A3, 'UZ-normalized'!$A:$A, 0))-INDEX('UZ-normalized'!$E:$E, MATCH($A3, 'UZ-normalized'!$A:$A, 0))>0, -(6*INDEX('UZ-normalized'!$D:$D, MATCH($A3, 'UZ-normalized'!$A:$A, 0))-INDEX('UZ-normalized'!$E:$E, MATCH($A3, 'UZ-normalized'!$A:$A, 0))), 0), 0))) -> -4 | U3: =MIN(0, N3+(IFERROR(IF(7*INDEX('UA-normalized'!$D:$D, MATCH($A3, 'UA-normalized'!$A:$A, 0))-INDEX('UA-normalized'!$E:$E, MATCH($A3, 'UA-normalized'!$A:$A, 0))>0, -(7*INDEX('UA-normalized'!$D:$D, MATCH($A3, 'UA-normalized'!$A:$A, 0))-INDEX('UA-normalized'!$E:$E, MATCH($A3, 'UA-normalized'!$A:$A, 0))), 0), 0))+(IFERROR(IF(7*INDEX('KZ-normalized'!$D:$D, MATCH($A3, 'KZ-normalized'!$A:$A, 0))-INDEX('KZ-normalized'!$E:$E, MATCH($A3, 'KZ-normalized'!$A:$A, 0))>0, -(7*INDEX('KZ-normalized'!$D:$D, MATCH($A3, 'KZ-normalized'!$A:$A, 0))-INDEX('KZ-normalized'!$E:$E, MATCH($A3, 'KZ-normalized'!$A:$A, 0))), 0), 0))+(IFERROR(IF(7*INDEX('UZ-normalized'!$D:$D, MATCH($A3, 'UZ-normalized'!$A:$A, 0))-INDEX('UZ-normalized'!$E:$E, MATCH($A3, 'UZ-normalized'!$A:$A, 0))>0, -(7*INDEX('UZ-normalized'!$D:$D, MATCH($A3, 'UZ-normalized'!$A:$A, 0))-INDEX('UZ-normalized'!$E:$E, MATCH($A3, 'UZ-normalized'!$A:$A, 0))), 0), 0))) -> -18 | V3: =MIN(0, N3+(IFERROR(IF(8*INDEX('UA-normalized'!$D:$D, MATCH($A3, 'UA-normalized'!$A:$A, 0))-INDEX('UA-normalized'!$E:$E, MATCH($A3, 'UA-normalized'!$A:$A, 0))>0, -(8*INDEX('UA-normalized'!$D:$D, MATCH($A3, 'UA-normalized'!$A:$A, 0))-INDEX('UA-normalized'!$E:$E, MATCH($A3, 'UA-normalized'!$A:$A, 0))), 0), 0))+(IFERROR(IF(8*INDEX('KZ-normalized'!$D:$D, MATCH($A3, 'KZ-normalized'!$A:$A, 0))-INDEX('KZ-normalized'!$E:$E, MATCH($A3, 'KZ-normalized'!$A:$A, 0))>0, -(8*INDEX('KZ-normalized'!$D:$D, MATCH($A3, 'KZ-normalized'!$A:$A, 0))-INDEX('KZ-normalized'!$E:$E, MATCH($A3, 'KZ-normalized'!$A:$A, 0))), 0), 0))+(IFERROR(IF(8*INDEX('UZ-normalized'!$D:$D, MATCH($A3, 'UZ-normalized'!$A:$A, 0))-INDEX('UZ-normalized'!$E:$E, MATCH($A3, 'UZ-normalized'!$A:$A, 0))>0, -(8*INDEX('UZ-normalized'!$D:$D, MATCH($A3, 'UZ-normalized'!$A:$A, 0))-INDEX('UZ-normalized'!$E:$E, MATCH($A3, 'UZ-normalized'!$A:$A, 0))), 0), 0))) -> -32 | W3: =MIN(0, N3+(IFERROR(IF(9*INDEX('UA-normalized'!$D:$D, MATCH($A3, 'UA-normalized'!$A:$A, 0))-INDEX('UA-normalized'!$E:$E, MATCH($A3, 'UA-normalized'!$A:$A, 0))>0, -(9*INDEX('UA-normalized'!$D:$D, MATCH($A3, 'UA-normalized'!$A:$A, 0))-INDEX('UA-normalized'!$E:$E, MATCH($A3, 'UA-normalized'!$A:$A, 0))), 0), 0))+(IFERROR(IF(9*INDEX('KZ-normalized'!$D:$D, MATCH($A3, 'KZ-normalized'!$A:$A, 0))-INDEX('KZ-normalized'!$E:$E, MATCH($A3, 'KZ-normalized'!$A:$A, 0))>0, -(9*INDEX('KZ-normalized'!$D:$D, MATCH($A3, 'KZ-normalized'!$A:$A, 0))-INDEX('KZ-normalized'!$E:$E, MATCH($A3, 'KZ-normalized'!$A:$A, 0))), 0), 0))+(IFERROR(IF(9*INDEX('UZ-normalized'!$D:$D, MATCH($A3, 'UZ-normalized'!$A:$A, 0))-INDEX('UZ-normalized'!$E:$E, MATCH($A3, 'UZ-normalized'!$A:$A, 0))>0, -(9*INDEX('UZ-normalized'!$D:$D, MATCH($A3, 'UZ-normalized'!$A:$A, 0))-INDEX('UZ-normalized'!$E:$E, MATCH($A3, 'UZ-normalized'!$A:$A, 0))), 0), 0))) -> -46 | X3: =MIN(0, N3+(IFERROR(IF(10*INDEX('UA-normalized'!$D:$D, MATCH($A3, 'UA-normalized'!$A:$A, 0))-INDEX('UA-normalized'!$E:$E, MATCH($A3, 'UA-normalized'!$A:$A, 0))>0, -(10*INDEX('UA-normalized'!$D:$D, MATCH($A3, 'UA-normalized'!$A:$A, 0))-INDEX('UA-normalized'!$E:$E, MATCH($A3, 'UA-normalized'!$A:$A, 0))), 0), 0))+(IFERROR(IF(10*INDEX('KZ-normalized'!$D:$D, MATCH($A3, 'KZ-normalized'!$A:$A, 0))-INDEX('KZ-normalized'!$E:$E, MATCH($A3, 'KZ-normalized'!$A:$A, 0))>0, -(10*INDEX('KZ-normalized'!$D:$D, MATCH($A3, 'KZ-normalized'!$A:$A, 0))-INDEX('KZ-normalized'!$E:$E, MATCH($A3, 'KZ-normalized'!$A:$A, 0))), 0), 0))+(IFERROR(IF(10*INDEX('UZ-normalized'!$D:$D, MATCH($A3, 'UZ-normalized'!$A:$A, 0))-INDEX('UZ-normalized'!$E:$E, MATCH($A3, 'UZ-normalized'!$A:$A, 0))>0, -(10*INDEX('UZ-normalized'!$D:$D, MATCH($A3, 'UZ-normalized'!$A:$A, 0))-INDEX('UZ-normalized'!$E:$E, MATCH($A3, 'UZ-normalized'!$A:$A, 0))), 0), 0))) -> -60 | Y3: =MIN(0, N3+(IFERROR(IF(11*INDEX('UA-normalized'!$D:$D, MATCH($A3, 'UA-normalized'!$A:$A, 0))-INDEX('UA-normalized'!$E:$E, MATCH($A3, 'UA-normalized'!$A:$A, 0))>0, -(11*INDEX('UA-normalized'!$D:$D, MATCH($A3, 'UA-normalized'!$A:$A, 0))-INDEX('UA-normalized'!$E:$E, MATCH($A3, 'UA-normalized'!$A:$A, 0))), 0), 0))+(IFERROR(IF(11*INDEX('KZ-normalized'!$D:$D, MATCH($A3, 'KZ-normalized'!$A:$A, 0))-INDEX('KZ-normalized'!$E:$E, MATCH($A3, 'KZ-normalized'!$A:$A, 0))>0, -(11*INDEX('KZ-normalized'!$D:$D, MATCH($A3, 'KZ-normalized'!$A:$A, 0))-INDEX('KZ-normalized'!$E:$E, MATCH($A3, 'KZ-normalized'!$A:$A, 0))), 0), 0))+(IFERROR(IF(11*INDEX('UZ-normalized'!$D:$D, MATCH($A3, 'UZ-normalized'!$A:$A, 0))-INDEX('UZ-normalized'!$E:$E, MATCH($A3, 'UZ-normalized'!$A:$A, 0))>0, -(11*INDEX('UZ-normalized'!$D:$D, MATCH($A3, 'UZ-normalized'!$A:$A, 0))-INDEX('UZ-normalized'!$E:$E, MATCH($A3, 'UZ-normalized'!$A:$A, 0))), 0), 0))) -> -74 | Z3: =MIN(0, N3+(IFERROR(IF(12*INDEX('UA-normalized'!$D:$D, MATCH($A3, 'UA-normalized'!$A:$A, 0))-INDEX('UA-normalized'!$E:$E, MATCH($A3, 'UA-normalized'!$A:$A, 0))>0, -(12*INDEX('UA-normalized'!$D:$D, MATCH($A3, 'UA-normalized'!$A:$A, 0))-INDEX('UA-normalized'!$E:$E, MATCH($A3, 'UA-normalized'!$A:$A, 0))), 0), 0))+(IFERROR(IF(12*INDEX('KZ-normalized'!$D:$D, MATCH($A3, 'KZ-normalized'!$A:$A, 0))-INDEX('KZ-normalized'!$E:$E, MATCH($A3, 'KZ-normalized'!$A:$A, 0))>0, -(12*INDEX('KZ-normalized'!$D:$D, MATCH($A3, 'KZ-normalized'!$A:$A, 0))-INDEX('KZ-normalized'!$E:$E, MATCH($A3, 'KZ-normalized'!$A:$A, 0))), 0), 0))+(IFERROR(IF(12*INDEX('UZ-normalized'!$D:$D, MATCH($A3, 'UZ-normalized'!$A:$A, 0))-INDEX('UZ-normalized'!$E:$E, MATCH($A3, 'UZ-normalized'!$A:$A, 0))>0, -(12*INDEX('UZ-normalized'!$D:$D, MATCH($A3, 'UZ-normalized'!$A:$A, 0))-INDEX('UZ-normalized'!$E:$E, MATCH($A3, 'UZ-normalized'!$A:$A, 0))), 0), 0))) -> -88 | AA3: =MIN(0, N3+(IFERROR(IF(13*INDEX('UA-normalized'!$D:$D, MATCH($A3, 'UA-normalized'!$A:$A, 0))-INDEX('UA-normalized'!$E:$E, MATCH($A3, 'UA-normalized'!$A:$A, 0))>0, -(13*INDEX('UA-normalized'!$D:$D, MATCH($A3, 'UA-normalized'!$A:$A, 0))-INDEX('UA-normalized'!$E:$E, MATCH($A3, 'UA-normalized'!$A:$A, 0))), 0), 0))+(IFERROR(IF(13*INDEX('KZ-normalized'!$D:$D, MATCH($A3, 'KZ-normalized'!$A:$A, 0))-INDEX('KZ-normalized'!$E:$E, MATCH($A3, 'KZ-normalized'!$A:$A, 0))>0, -(13*INDEX('KZ-normalized'!$D:$D, MATCH($A3, 'KZ-normalized'!$A:$A, 0))-INDEX('KZ-normalized'!$E:$E, MATCH($A3, 'KZ-normalized'!$A:$A, 0))), 0), 0))+(IFERROR(IF(13*INDEX('UZ-normalized'!$D:$D, MATCH($A3, 'UZ-normalized'!$A:$A, 0))-INDEX('UZ-normalized'!$E:$E, MATCH($A3, 'UZ-normalized'!$A:$A, 0))>0, -(13*INDEX('UZ-normalized'!$D:$D, MATCH($A3, 'UZ-normalized'!$A:$A, 0))-INDEX('UZ-normalized'!$E:$E, MATCH($A3, 'UZ-normalized'!$A:$A, 0))), 0), 0))) -> -102 | AB3: =MIN(0, N3+(IFERROR(IF(14*INDEX('UA-normalized'!$D:$D, MATCH($A3, 'UA-normalized'!$A:$A, 0))-INDEX('UA-normalized'!$E:$E, MATCH($A3, 'UA-normalized'!$A:$A, 0))>0, -(14*INDEX('UA-normalized'!$D:$D, MATCH($A3, 'UA-normalized'!$A:$A, 0))-INDEX('UA-normalized'!$E:$E, MATCH($A3, 'UA-normalized'!$A:$A, 0))), 0), 0))+(IFERROR(IF(14*INDEX('KZ-normalized'!$D:$D, MATCH($A3, 'KZ-normalized'!$A:$A, 0))-INDEX('KZ-normalized'!$E:$E, MATCH($A3, 'KZ-normalized'!$A:$A, 0))>0, -(14*INDEX('KZ-normalized'!$D:$D, MATCH($A3, 'KZ-normalized'!$A:$A, 0))-INDEX('KZ-normalized'!$E:$E, MATCH($A3, 'KZ-normalized'!$A:$A, 0))), 0), 0))+(IFERROR(IF(14*INDEX('UZ-normalized'!$D:$D, MATCH($A3, 'UZ-normalized'!$A:$A, 0))-INDEX('UZ-normalized'!$E:$E, MATCH($A3, 'UZ-normalized'!$A:$A, 0))>0, -(14*INDEX('UZ-normalized'!$D:$D, MATCH($A3, 'UZ-normalized'!$A:$A, 0))-INDEX('UZ-normalized'!$E:$E, MATCH($A3, 'UZ-normalized'!$A:$A, 0))), 0), 0))) -> -116 | AC3: =MIN(0, N3+(IFERROR(IF(15*INDEX('UA-normalized'!$D:$D, MATCH($A3, 'UA-normalized'!$A:$A, 0))-INDEX('UA-normalized'!$E:$E, MATCH($A3, 'UA-normalized'!$A:$A, 0))>0, -(15*INDEX('UA-normalized'!$D:$D, MATCH($A3, 'UA-normalized'!$A:$A, 0))-INDEX('UA-normalized'!$E:$E, MATCH($A3, 'UA-normalized'!$A:$A, 0))), 0), 0))+(IFERROR(IF(15*INDEX('KZ-normalized'!$D:$D, MATCH($A3, 'KZ-normalized'!$A:$A, 0))-INDEX('KZ-normalized'!$E:$E, MATCH($A3, 'KZ-normalized'!$A:$A, 0))>0, -(15*INDEX('KZ-normalized'!$D:$D, MATCH($A3, 'KZ-normalized'!$A:$A, 0))-INDEX('KZ-normalized'!$E:$E, MATCH($A3, 'KZ-normalized'!$A:$A, 0))), 0), 0))+(IFERROR(IF(15*INDEX('UZ-normalized'!$D:$D, MATCH($A3, 'UZ-normalized'!$A:$A, 0))-INDEX('UZ-normalized'!$E:$E, MATCH($A3, 'UZ-normalized'!$A:$A, 0))>0, -(15*INDEX('UZ-normalized'!$D:$D, MATCH($A3, 'UZ-normalized'!$A:$A, 0))-INDEX('UZ-normalized'!$E:$E, MATCH($A3, 'UZ-normalized'!$A:$A, 0))), 0), 0))) -> -130 | AD3: =MIN(0, N3+(IFERROR(IF(16*INDEX('UA-normalized'!$D:$D, MATCH($A3, 'UA-normalized'!$A:$A, 0))-INDEX('UA-normalized'!$E:$E, MATCH($A3, 'UA-normalized'!$A:$A, 0))>0, -(16*INDEX('UA-normalized'!$D:$D, MATCH($A3, 'UA-normalized'!$A:$A, 0))-INDEX('UA-normalized'!$E:$E, MATCH($A3, 'UA-normalized'!$A:$A, 0))), 0), 0))+(IFERROR(IF(16*INDEX('KZ-normalized'!$D:$D, MATCH($A3, 'KZ-normalized'!$A:$A, 0))-INDEX('KZ-normalized'!$E:$E, MATCH($A3, 'KZ-normalized'!$A:$A, 0))>0, -(16*INDEX('KZ-normalized'!$D:$D, MATCH($A3, 'KZ-normalized'!$A:$A, 0))-INDEX('KZ-normalized'!$E:$E, MATCH($A3, 'KZ-normalized'!$A:$A, 0))), 0), 0))+(IFERROR(IF(16*INDEX('UZ-normalized'!$D:$D, MATCH($A3, 'UZ-normalized'!$A:$A, 0))-INDEX('UZ-normalized'!$E:$E, MATCH($A3, 'UZ-normalized'!$A:$A, 0))>0, -(16*INDEX('UZ-normalized'!$D:$D, MATCH($A3, 'UZ-normalized'!$A:$A, 0))-INDEX('UZ-normalized'!$E:$E, MATCH($A3, 'UZ-normalized'!$A:$A, 0))), 0), 0))) -> -144 | AE3: =MIN(0, N3+(IFERROR(IF(17*INDEX('UA-normalized'!$D:$D, MATCH($A3, 'UA-normalized'!$A:$A, 0))-INDEX('UA-normalized'!$E:$E, MATCH($A3, 'UA-normalized'!$A:$A, 0))>0, -(17*INDEX('UA-normalized'!$D:$D, MATCH($A3, 'UA-normalized'!$A:$A, 0))-INDEX('UA-normalized'!$E:$E, MATCH($A3, 'UA-normalized'!$A:$A, 0))), 0), 0))+(IFERROR(IF(17*INDEX('KZ-normalized'!$D:$D, MATCH($A3, 'KZ-normalized'!$A:$A, 0))-INDEX('KZ-normalized'!$E:$E, MATCH($A3, 'KZ-normalized'!$A:$A, 0))>0, -(17*INDEX('KZ-normalized'!$D:$D, MATCH($A3, 'KZ-normalized'!$A:$A, 0))-INDEX('KZ-normalized'!$E:$E, MATCH($A3, 'KZ-normalized'!$A:$A, 0))), 0), 0))+(IFERROR(IF(17*INDEX('UZ-normalized'!$D:$D, MATCH($A3, 'UZ-normalized'!$A:$A, 0))-INDEX('UZ-normalized'!$E:$E, MATCH($A3, 'UZ-normalized'!$A:$A, 0))>0, -(17*INDEX('UZ-normalized'!$D:$D, MATCH($A3, 'UZ-normalized'!$A:$A, 0))-INDEX('UZ-normalized'!$E:$E, MATCH($A3, 'UZ-normalized'!$A:$A, 0))), 0), 0))) -> -158 | AF3: =MIN(0, N3+(IFERROR(IF(18*INDEX('UA-normalized'!$D:$D, MATCH($A3, 'UA-normalized'!$A:$A, 0))-INDEX('UA-normalized'!$E:$E, MATCH($A3, 'UA-normalized'!$A:$A, 0))>0, -(18*INDEX('UA-normalized'!$D:$D, MATCH($A3, 'UA-normalized'!$A:$A, 0))-INDEX('UA-normalized'!$E:$E, MATCH($A3, 'UA-normalized'!$A:$A, 0))), 0), 0))+(IFERROR(IF(18*INDEX('KZ-normalized'!$D:$D, MATCH($A3, 'KZ-normalized'!$A:$A, 0))-INDEX('KZ-normalized'!$E:$E, MATCH($A3, 'KZ-normalized'!$A:$A, 0))>0, -(18*INDEX('KZ-normalized'!$D:$D, MATCH($A3, 'KZ-normalized'!$A:$A, 0))-INDEX('KZ-normalized'!$E:$E, MATCH($A3, 'KZ-normalized'!$A:$A, 0))), 0), 0))+(IFERROR(IF(18*INDEX('UZ-normalized'!$D:$D, MATCH($A3, 'UZ-normalized'!$A:$A, 0))-INDEX('UZ-normalized'!$E:$E, MATCH($A3, 'UZ-normalized'!$A:$A, 0))>0, -(18*INDEX('UZ-normalized'!$D:$D, MATCH($A3, 'UZ-normalized'!$A:$A, 0))-INDEX('UZ-normalized'!$E:$E, MATCH($A3, 'UZ-normalized'!$A:$A, 0))), 0), 0))) -> -172 | AG3: =MIN(0, N3+(IFERROR(IF(19*INDEX('UA-normalized'!$D:$D, MATCH($A3, 'UA-normalized'!$A:$A, 0))-INDEX('UA-normalized'!$E:$E, MATCH($A3, 'UA-normalized'!$A:$A, 0))>0, -(19*INDEX('UA-normalized'!$D:$D, MATCH($A3, 'UA-normalized'!$A:$A, 0))-INDEX('UA-normalized'!$E:$E, MATCH($A3, 'UA-normalized'!$A:$A, 0))), 0), 0))+(IFERROR(IF(19*INDEX('KZ-normalized'!$D:$D, MATCH($A3, 'KZ-normalized'!$A:$A, 0))-INDEX('KZ-normalized'!$E:$E, MATCH($A3, 'KZ-normalized'!$A:$A, 0))>0, -(19*INDEX('KZ-normalized'!$D:$D, MATCH($A3, 'KZ-normalized'!$A:$A, 0))-INDEX('KZ-normalized'!$E:$E, MATCH($A3, 'KZ-normalized'!$A:$A, 0))), 0), 0))+(IFERROR(IF(19*INDEX('UZ-normalized'!$D:$D, MATCH($A3, 'UZ-normalized'!$A:$A, 0))-INDEX('UZ-normalized'!$E:$E, MATCH($A3, 'UZ-normalized'!$A:$A, 0))>0, -(19*INDEX('UZ-normalized'!$D:$D, MATCH($A3, 'UZ-normalized'!$A:$A, 0))-INDEX('UZ-normalized'!$E:$E, MATCH($A3, 'UZ-normalized'!$A:$A, 0))), 0), 0))) -> -186 | AH3: =MIN(0, N3+(IFERROR(IF(20*INDEX('UA-normalized'!$D:$D, MATCH($A3, 'UA-normalized'!$A:$A, 0))-INDEX('UA-normalized'!$E:$E, MATCH($A3, 'UA-normalized'!$A:$A, 0))>0, -(20*INDEX('UA-normalized'!$D:$D, MATCH($A3, 'UA-normalized'!$A:$A, 0))-INDEX('UA-normalized'!$E:$E, MATCH($A3, 'UA-normalized'!$A:$A, 0))), 0), 0))+(IFERROR(IF(20*INDEX('KZ-normalized'!$D:$D, MATCH($A3, 'KZ-normalized'!$A:$A, 0))-INDEX('KZ-normalized'!$E:$E, MATCH($A3, 'KZ-normalized'!$A:$A, 0))>0, -(20*INDEX('KZ-normalized'!$D:$D, MATCH($A3, 'KZ-normalized'!$A:$A, 0))-INDEX('KZ-normalized'!$E:$E, MATCH($A3, 'KZ-normalized'!$A:$A, 0))), 0), 0))+(IFERROR(IF(20*INDEX('UZ-normalized'!$D:$D, MATCH($A3, 'UZ-normalized'!$A:$A, 0))-INDEX('UZ-normalized'!$E:$E, MATCH($A3, 'UZ-normalized'!$A:$A, 0))>0, -(20*INDEX('UZ-normalized'!$D:$D, MATCH($A3, 'UZ-normalized'!$A:$A, 0))-INDEX('UZ-normalized'!$E:$E, MATCH($A3, 'UZ-normalized'!$A:$A, 0))), 0), 0))) -> -200 | AI3: =MIN(0, N3+(IFERROR(IF(21*INDEX('UA-normalized'!$D:$D, MATCH($A3, 'UA-normalized'!$A:$A, 0))-INDEX('UA-normalized'!$E:$E, MATCH($A3, 'UA-normalized'!$A:$A, 0))>0, -(21*INDEX('UA-normalized'!$D:$D, MATCH($A3, 'UA-normalized'!$A:$A, 0))-INDEX('UA-normalized'!$E:$E, MATCH($A3, 'UA-normalized'!$A:$A, 0))), 0), 0))+(IFERROR(IF(21*INDEX('KZ-normalized'!$D:$D, MATCH($A3, 'KZ-normalized'!$A:$A, 0))-INDEX('KZ-normalized'!$E:$E, MATCH($A3, 'KZ-normalized'!$A:$A, 0))>0, -(21*INDEX('KZ-normalized'!$D:$D, MATCH($A3, 'KZ-normalized'!$A:$A, 0))-INDEX('KZ-normalized'!$E:$E, MATCH($A3, 'KZ-normalized'!$A:$A, 0))), 0), 0))+(IFERROR(IF(21*INDEX('UZ-normalized'!$D:$D, MATCH($A3, 'UZ-normalized'!$A:$A, 0))-INDEX('UZ-normalized'!$E:$E, MATCH($A3, 'UZ-normalized'!$A:$A, 0))>0, -(21*INDEX('UZ-normalized'!$D:$D, MATCH($A3, 'UZ-normalized'!$A:$A, 0))-INDEX('UZ-normalized'!$E:$E, MATCH($A3, 'UZ-normalized'!$A:$A, 0))), 0), 0))) -> -214 | AJ3: =MIN(0, N3+(IFERROR(IF(22*INDEX('UA-normalized'!$D:$D, MATCH($A3, 'UA-normalized'!$A:$A, 0))-INDEX('UA-normalized'!$E:$E, MATCH($A3, 'UA-normalized'!$A:$A, 0))>0, -(22*INDEX('UA-normalized'!$D:$D, MATCH($A3, 'UA-normalized'!$A:$A, 0))-INDEX('UA-normalized'!$E:$E, MATCH($A3, 'UA-normalized'!$A:$A, 0))), 0), 0))+(IFERROR(IF(22*INDEX('KZ-normalized'!$D:$D, MATCH($A3, 'KZ-normalized'!$A:$A, 0))-INDEX('KZ-normalized'!$E:$E, MATCH($A3, 'KZ-normalized'!$A:$A, 0))>0, -(22*INDEX('KZ-normalized'!$D:$D, MATCH($A3, 'KZ-normalized'!$A:$A, 0))-INDEX('KZ-normalized'!$E:$E, MATCH($A3, 'KZ-normalized'!$A:$A, 0))), 0), 0))+(IFERROR(IF(22*INDEX('UZ-normalized'!$D:$D, MATCH($A3, 'UZ-normalized'!$A:$A, 0))-INDEX('UZ-normalized'!$E:$E, MATCH($A3, 'UZ-normalized'!$A:$A, 0))>0, -(22*INDEX('UZ-normalized'!$D:$D, MATCH($A3, 'UZ-normalized'!$A:$A, 0))-INDEX('UZ-normalized'!$E:$E, MATCH($A3, 'UZ-normalized'!$A:$A, 0))), 0), 0))) -> -228 | AK3: =MIN(0, N3+(IFERROR(IF(23*INDEX('UA-normalized'!$D:$D, MATCH($A3, 'UA-normalized'!$A:$A, 0))-INDEX('UA-normalized'!$E:$E, MATCH($A3, 'UA-normalized'!$A:$A, 0))>0, -(23*INDEX('UA-normalized'!$D:$D, MATCH($A3, 'UA-normalized'!$A:$A, 0))-INDEX('UA-normalized'!$E:$E, MATCH($A3, 'UA-normalized'!$A:$A, 0))), 0), 0))+(IFERROR(IF(23*INDEX('KZ-normalized'!$D:$D, MATCH($A3, 'KZ-normalized'!$A:$A, 0))-INDEX('KZ-normalized'!$E:$E, MATCH($A3, 'KZ-normalized'!$A:$A, 0))>0, -(23*INDEX('KZ-normalized'!$D:$D, MATCH($A3, 'KZ-normalized'!$A:$A, 0))-INDEX('KZ-normalized'!$E:$E, MATCH($A3, 'KZ-normalized'!$A:$A, 0))), 0), 0))+(IFERROR(IF(23*INDEX('UZ-normalized'!$D:$D, MATCH($A3, 'UZ-normalized'!$A:$A, 0))-INDEX('UZ-normalized'!$E:$E, MATCH($A3, 'UZ-normalized'!$A:$A, 0))>0, -(23*INDEX('UZ-normalized'!$D:$D, MATCH($A3, 'UZ-normalized'!$A:$A, 0))-INDEX('UZ-normalized'!$E:$E, MATCH($A3, 'UZ-normalized'!$A:$A, 0))), 0), 0))) -> -242 | AL3: =MIN(0, N3+(IFERROR(IF(24*INDEX('UA-normalized'!$D:$D, MATCH($A3, 'UA-normalized'!$A:$A, 0))-INDEX('UA-normalized'!$E:$E, MATCH($A3, 'UA-normalized'!$A:$A, 0))>0, -(24*INDEX('UA-normalized'!$D:$D, MATCH($A3, 'UA-normalized'!$A:$A, 0))-INDEX('UA-normalized'!$E:$E, MATCH($A3, 'UA-normalized'!$A:$A, 0))), 0), 0))+(IFERROR(IF(24*INDEX('KZ-normalized'!$D:$D, MATCH($A3, 'KZ-normalized'!$A:$A, 0))-INDEX('KZ-normalized'!$E:$E, MATCH($A3, 'KZ-normalized'!$A:$A, 0))>0, -(24*INDEX('KZ-normalized'!$D:$D, MATCH($A3, 'KZ-normalized'!$A:$A, 0))-INDEX('KZ-normalized'!$E:$E, MATCH($A3, 'KZ-normalized'!$A:$A, 0))), 0), 0))+(IFERROR(IF(24*INDEX('UZ-normalized'!$D:$D, MATCH($A3, 'UZ-normalized'!$A:$A, 0))-INDEX('UZ-normalized'!$E:$E, MATCH($A3, 'UZ-normalized'!$A:$A, 0))>0, -(24*INDEX('UZ-normalized'!$D:$D, MATCH($A3, 'UZ-normalized'!$A:$A, 0))-INDEX('UZ-normalized'!$E:$E, MATCH($A3, 'UZ-normalized'!$A:$A, 0))), 0), 0))) -> -256 | AM3: =MIN(0, N3+(IFERROR(IF(25*INDEX('UA-normalized'!$D:$D, MATCH($A3, 'UA-normalized'!$A:$A, 0))-INDEX('UA-normalized'!$E:$E, MATCH($A3, 'UA-normalized'!$A:$A, 0))>0, -(25*INDEX('UA-normalized'!$D:$D, MATCH($A3, 'UA-normalized'!$A:$A, 0))-INDEX('UA-normalized'!$E:$E, MATCH($A3, 'UA-normalized'!$A:$A, 0))), 0), 0))+(IFERROR(IF(25*INDEX('KZ-normalized'!$D:$D, MATCH($A3, 'KZ-normalized'!$A:$A, 0))-INDEX('KZ-normalized'!$E:$E, MATCH($A3, 'KZ-normalized'!$A:$A, 0))>0, -(25*INDEX('KZ-normalized'!$D:$D, MATCH($A3, 'KZ-normalized'!$A:$A, 0))-INDEX('KZ-normalized'!$E:$E, MATCH($A3, 'KZ-normalized'!$A:$A, 0))), 0), 0))+(IFERROR(IF(25*INDEX('UZ-normalized'!$D:$D, MATCH($A3, 'UZ-normalized'!$A:$A, 0))-INDEX('UZ-normalized'!$E:$E, MATCH($A3, 'UZ-normalized'!$A:$A, 0))>0, -(25*INDEX('UZ-normalized'!$D:$D, MATCH($A3, 'UZ-normalized'!$A:$A, 0))-INDEX('UZ-normalized'!$E:$E, MATCH($A3, 'UZ-normalized'!$A:$A, 0))), 0), 0))) -> -270 | AN3: =MIN(0, N3+(IFERROR(IF(26*INDEX('UA-normalized'!$D:$D, MATCH($A3, 'UA-normalized'!$A:$A, 0))-INDEX('UA-normalized'!$E:$E, MATCH($A3, 'UA-normalized'!$A:$A, 0))>0, -(26*INDEX('UA-normalized'!$D:$D, MATCH($A3, 'UA-normalized'!$A:$A, 0))-INDEX('UA-normalized'!$E:$E, MATCH($A3, 'UA-normalized'!$A:$A, 0))), 0), 0))+(IFERROR(IF(26*INDEX('KZ-normalized'!$D:$D, MATCH($A3, 'KZ-normalized'!$A:$A, 0))-INDEX('KZ-normalized'!$E:$E, MATCH($A3, 'KZ-normalized'!$A:$A, 0))>0, -(26*INDEX('KZ-normalized'!$D:$D, MATCH($A3, 'KZ-normalized'!$A:$A, 0))-INDEX('KZ-normalized'!$E:$E, MATCH($A3, 'KZ-normalized'!$A:$A, 0))), 0), 0))+(IFERROR(IF(26*INDEX('UZ-normalized'!$D:$D, MATCH($A3, 'UZ-normalized'!$A:$A, 0))-INDEX('UZ-normalized'!$E:$E, MATCH($A3, 'UZ-normalized'!$A:$A, 0))>0, -(26*INDEX('UZ-normalized'!$D:$D, MATCH($A3, 'UZ-normalized'!$A:$A, 0))-INDEX('UZ-normalized'!$E:$E, MATCH($A3, 'UZ-normalized'!$A:$A, 0))), 0), 0))) -> -284 | AO3: =MIN(0, N3+(IFERROR(IF(27*INDEX('UA-normalized'!$D:$D, MATCH($A3, 'UA-normalized'!$A:$A, 0))-INDEX('UA-normalized'!$E:$E, MATCH($A3, 'UA-normalized'!$A:$A, 0))>0, -(27*INDEX('UA-normalized'!$D:$D, MATCH($A3, 'UA-normalized'!$A:$A, 0))-INDEX('UA-normalized'!$E:$E, MATCH($A3, 'UA-normalized'!$A:$A, 0))), 0), 0))+(IFERROR(IF(27*INDEX('KZ-normalized'!$D:$D, MATCH($A3, 'KZ-normalized'!$A:$A, 0))-INDEX('KZ-normalized'!$E:$E, MATCH($A3, 'KZ-normalized'!$A:$A, 0))>0, -(27*INDEX('KZ-normalized'!$D:$D, MATCH($A3, 'KZ-normalized'!$A:$A, 0))-INDEX('KZ-normalized'!$E:$E, MATCH($A3, 'KZ-normalized'!$A:$A, 0))), 0), 0))+(IFERROR(IF(27*INDEX('UZ-normalized'!$D:$D, MATCH($A3, 'UZ-normalized'!$A:$A, 0))-INDEX('UZ-normalized'!$E:$E, MATCH($A3, 'UZ-normalized'!$A:$A, 0))>0, -(27*INDEX('UZ-normalized'!$D:$D, MATCH($A3, 'UZ-normalized'!$A:$A, 0))-INDEX('UZ-normalized'!$E:$E, MATCH($A3, 'UZ-normalized'!$A:$A, 0))), 0), 0))) -> -298 | AP3: =MIN(0, N3+(IFERROR(IF(28*INDEX('UA-normalized'!$D:$D, MATCH($A3, 'UA-normalized'!$A:$A, 0))-INDEX('UA-normalized'!$E:$E, MATCH($A3, 'UA-normalized'!$A:$A, 0))>0, -(28*INDEX('UA-normalized'!$D:$D, MATCH($A3, 'UA-normalized'!$A:$A, 0))-INDEX('UA-normalized'!$E:$E, MATCH($A3, 'UA-normalized'!$A:$A, 0))), 0), 0))+(IFERROR(IF(28*INDEX('KZ-normalized'!$D:$D, MATCH($A3, 'KZ-normalized'!$A:$A, 0))-INDEX('KZ-normalized'!$E:$E, MATCH($A3, 'KZ-normalized'!$A:$A, 0))>0, -(28*INDEX('KZ-normalized'!$D:$D, MATCH($A3, 'KZ-normalized'!$A:$A, 0))-INDEX('KZ-normalized'!$E:$E, MATCH($A3, 'KZ-normalized'!$A:$A, 0))), 0), 0))+(IFERROR(IF(28*INDEX('UZ-normalized'!$D:$D, MATCH($A3, 'UZ-normalized'!$A:$A, 0))-INDEX('UZ-normalized'!$E:$E, MATCH($A3, 'UZ-normalized'!$A:$A, 0))>0, -(28*INDEX('UZ-normalized'!$D:$D, MATCH($A3, 'UZ-normalized'!$A:$A, 0))-INDEX('UZ-normalized'!$E:$E, MATCH($A3, 'UZ-normalized'!$A:$A, 0))), 0), 0))) -> -312 | AQ3: =MIN(0, N3+(IFERROR(IF(29*INDEX('UA-normalized'!$D:$D, MATCH($A3, 'UA-normalized'!$A:$A, 0))-INDEX('UA-normalized'!$E:$E, MATCH($A3, 'UA-normalized'!$A:$A, 0))>0, -(29*INDEX('UA-normalized'!$D:$D, MATCH($A3, 'UA-normalized'!$A:$A, 0))-INDEX('UA-normalized'!$E:$E, MATCH($A3, 'UA-normalized'!$A:$A, 0))), 0), 0))+(IFERROR(IF(29*INDEX('KZ-normalized'!$D:$D, MATCH($A3, 'KZ-normalized'!$A:$A, 0))-INDEX('KZ-normalized'!$E:$E, MATCH($A3, 'KZ-normalized'!$A:$A, 0))>0, -(29*INDEX('KZ-normalized'!$D:$D, MATCH($A3, 'KZ-normalized'!$A:$A, 0))-INDEX('KZ-normalized'!$E:$E, MATCH($A3, 'KZ-normalized'!$A:$A, 0))), 0), 0))+(IFERROR(IF(29*INDEX('UZ-normalized'!$D:$D, MATCH($A3, 'UZ-normalized'!$A:$A, 0))-INDEX('UZ-normalized'!$E:$E, MATCH($A3, 'UZ-normalized'!$A:$A, 0))>0, -(29*INDEX('UZ-normalized'!$D:$D, MATCH($A3, 'UZ-normalized'!$A:$A, 0))-INDEX('UZ-normalized'!$E:$E, MATCH($A3, 'UZ-normalized'!$A:$A, 0))), 0), 0))) -> -326 | AR3: =MIN(0, N3+(IFERROR(IF(30*INDEX('UA-normalized'!$D:$D, MATCH($A3, 'UA-normalized'!$A:$A, 0))-INDEX('UA-normalized'!$E:$E, MATCH($A3, 'UA-normalized'!$A:$A, 0))>0, -(30*INDEX('UA-normalized'!$D:$D, MATCH($A3, 'UA-normalized'!$A:$A, 0))-INDEX('UA-normalized'!$E:$E, MATCH($A3, 'UA-normalized'!$A:$A, 0))), 0), 0))+(IFERROR(IF(30*INDEX('KZ-normalized'!$D:$D, MATCH($A3, 'KZ-normalized'!$A:$A, 0))-INDEX('KZ-normalized'!$E:$E, MATCH($A3, 'KZ-normalized'!$A:$A, 0))>0, -(30*INDEX('KZ-normalized'!$D:$D, MATCH($A3, 'KZ-normalized'!$A:$A, 0))-INDEX('KZ-normalized'!$E:$E, MATCH($A3, 'KZ-normalized'!$A:$A, 0))), 0), 0))+(IFERROR(IF(30*INDEX('UZ-normalized'!$D:$D, MATCH($A3, 'UZ-normalized'!$A:$A, 0))-INDEX('UZ-normalized'!$E:$E, MATCH($A3, 'UZ-normalized'!$A:$A, 0))>0, -(30*INDEX('UZ-normalized'!$D:$D, MATCH($A3, 'UZ-normalized'!$A:$A, 0))-INDEX('UZ-normalized'!$E:$E, MATCH($A3, 'UZ-normalized'!$A:$A, 0))), 0), 0))) -> -340
A4: PR-CHE-49-1405-050-SET | B4: CHE | C4: 1405 | D4: 19-1405-050 | N4: =SUM(E4:M4) -> 0 | O4: =MIN(0, N4+(IFERROR(IF(1*INDEX('UA-normalized'!$D:$D, MATCH($A4, 'UA-normalized'!$A:$A, 0))-INDEX('UA-normalized'!$E:$E, MATCH($A4, 'UA-normalized'!$A:$A, 0))>0, -(1*INDEX('UA-normalized'!$D:$D, MATCH($A4, 'UA-normalized'!$A:$A, 0))-INDEX('UA-normalized'!$E:$E, MATCH($A4, 'UA-normalized'!$A:$A, 0))), 0), 0))+(IFERROR(IF(1*INDEX('KZ-normalized'!$D:$D, MATCH($A4, 'KZ-normalized'!$A:$A, 0))-INDEX('KZ-normalized'!$E:$E, MATCH($A4, 'KZ-normalized'!$A:$A, 0))>0, -(1*INDEX('KZ-normalized'!$D:$D, MATCH($A4, 'KZ-normalized'!$A:$A, 0))-INDEX('KZ-normalized'!$E:$E, MATCH($A4, 'KZ-normalized'!$A:$A, 0))), 0), 0))+(IFERROR(IF(1*INDEX('UZ-normalized'!$D:$D, MATCH($A4, 'UZ-normalized'!$A:$A, 0))-INDEX('UZ-normalized'!$E:$E, MATCH($A4, 'UZ-normalized'!$A:$A, 0))>0, -(1*INDEX('UZ-normalized'!$D:$D, MATCH($A4, 'UZ-normalized'!$A:$A, 0))-INDEX('UZ-normalized'!$E:$E, MATCH($A4, 'UZ-normalized'!$A:$A, 0))), 0), 0))) -> 0 | P4: =MIN(0, N4+(IFERROR(IF(2*INDEX('UA-normalized'!$D:$D, MATCH($A4, 'UA-normalized'!$A:$A, 0))-INDEX('UA-normalized'!$E:$E, MATCH($A4, 'UA-normalized'!$A:$A, 0))>0, -(2*INDEX('UA-normalized'!$D:$D, MATCH($A4, 'UA-normalized'!$A:$A, 0))-INDEX('UA-normalized'!$E:$E, MATCH($A4, 'UA-normalized'!$A:$A, 0))), 0), 0))+(IFERROR(IF(2*INDEX('KZ-normalized'!$D:$D, MATCH($A4, 'KZ-normalized'!$A:$A, 0))-INDEX('KZ-normalized'!$E:$E, MATCH($A4, 'KZ-normalized'!$A:$A, 0))>0, -(2*INDEX('KZ-normalized'!$D:$D, MATCH($A4, 'KZ-normalized'!$A:$A, 0))-INDEX('KZ-normalized'!$E:$E, MATCH($A4, 'KZ-normalized'!$A:$A, 0))), 0), 0))+(IFERROR(IF(2*INDEX('UZ-normalized'!$D:$D, MATCH($A4, 'UZ-normalized'!$A:$A, 0))-INDEX('UZ-normalized'!$E:$E, MATCH($A4, 'UZ-normalized'!$A:$A, 0))>0, -(2*INDEX('UZ-normalized'!$D:$D, MATCH($A4, 'UZ-normalized'!$A:$A, 0))-INDEX('UZ-normalized'!$E:$E, MATCH($A4, 'UZ-normalized'!$A:$A, 0))), 0), 0))) -> 0 | Q4: =MIN(0, N4+(IFERROR(IF(3*INDEX('UA-normalized'!$D:$D, MATCH($A4, 'UA-normalized'!$A:$A, 0))-INDEX('UA-normalized'!$E:$E, MATCH($A4, 'UA-normalized'!$A:$A, 0))>0, -(3*INDEX('UA-normalized'!$D:$D, MATCH($A4, 'UA-normalized'!$A:$A, 0))-INDEX('UA-normalized'!$E:$E, MATCH($A4, 'UA-normalized'!$A:$A, 0))), 0), 0))+(IFERROR(IF(3*INDEX('KZ-normalized'!$D:$D, MATCH($A4, 'KZ-normalized'!$A:$A, 0))-INDEX('KZ-normalized'!$E:$E, MATCH($A4, 'KZ-normalized'!$A:$A, 0))>0, -(3*INDEX('KZ-normalized'!$D:$D, MATCH($A4, 'KZ-normalized'!$A:$A, 0))-INDEX('KZ-normalized'!$E:$E, MATCH($A4, 'KZ-normalized'!$A:$A, 0))), 0), 0))+(IFERROR(IF(3*INDEX('UZ-normalized'!$D:$D, MATCH($A4, 'UZ-normalized'!$A:$A, 0))-INDEX('UZ-normalized'!$E:$E, MATCH($A4, 'UZ-normalized'!$A:$A, 0))>0, -(3*INDEX('UZ-normalized'!$D:$D, MATCH($A4, 'UZ-normalized'!$A:$A, 0))-INDEX('UZ-normalized'!$E:$E, MATCH($A4, 'UZ-normalized'!$A:$A, 0))), 0), 0))) -> 0 | R4: =MIN(0, N4+(IFERROR(IF(4*INDEX('UA-normalized'!$D:$D, MATCH($A4, 'UA-normalized'!$A:$A, 0))-INDEX('UA-normalized'!$E:$E, MATCH($A4, 'UA-normalized'!$A:$A, 0))>0, -(4*INDEX('UA-normalized'!$D:$D, MATCH($A4, 'UA-normalized'!$A:$A, 0))-INDEX('UA-normalized'!$E:$E, MATCH($A4, 'UA-normalized'!$A:$A, 0))), 0), 0))+(IFERROR(IF(4*INDEX('KZ-normalized'!$D:$D, MATCH($A4, 'KZ-normalized'!$A:$A, 0))-INDEX('KZ-normalized'!$E:$E, MATCH($A4, 'KZ-normalized'!$A:$A, 0))>0, -(4*INDEX('KZ-normalized'!$D:$D, MATCH($A4, 'KZ-normalized'!$A:$A, 0))-INDEX('KZ-normalized'!$E:$E, MATCH($A4, 'KZ-normalized'!$A:$A, 0))), 0), 0))+(IFERROR(IF(4*INDEX('UZ-normalized'!$D:$D, MATCH($A4, 'UZ-normalized'!$A:$A, 0))-INDEX('UZ-normalized'!$E:$E, MATCH($A4, 'UZ-normalized'!$A:$A, 0))>0, -(4*INDEX('UZ-normalized'!$D:$D, MATCH($A4, 'UZ-normalized'!$A:$A, 0))-INDEX('UZ-normalized'!$E:$E, MATCH($A4, 'UZ-normalized'!$A:$A, 0))), 0), 0))) -> -2 | S4: =MIN(0, N4+(IFERROR(IF(5*INDEX('UA-normalized'!$D:$D, MATCH($A4, 'UA-normalized'!$A:$A, 0))-INDEX('UA-normalized'!$E:$E, MATCH($A4, 'UA-normalized'!$A:$A, 0))>0, -(5*INDEX('UA-normalized'!$D:$D, MATCH($A4, 'UA-normalized'!$A:$A, 0))-INDEX('UA-normalized'!$E:$E, MATCH($A4, 'UA-normalized'!$A:$A, 0))), 0), 0))+(IFERROR(IF(5*INDEX('KZ-normalized'!$D:$D, MATCH($A4, 'KZ-normalized'!$A:$A, 0))-INDEX('KZ-normalized'!$E:$E, MATCH($A4, 'KZ-normalized'!$A:$A, 0))>0, -(5*INDEX('KZ-normalized'!$D:$D, MATCH($A4, 'KZ-normalized'!$A:$A, 0))-INDEX('KZ-normalized'!$E:$E, MATCH($A4, 'KZ-normalized'!$A:$A, 0))), 0), 0))+(IFERROR(IF(5*INDEX('UZ-normalized'!$D:$D, MATCH($A4, 'UZ-normalized'!$A:$A, 0))-INDEX('UZ-normalized'!$E:$E, MATCH($A4, 'UZ-normalized'!$A:$A, 0))>0, -(5*INDEX('UZ-normalized'!$D:$D, MATCH($A4, 'UZ-normalized'!$A:$A, 0))-INDEX('UZ-normalized'!$E:$E, MATCH($A4, 'UZ-normalized'!$A:$A, 0))), 0), 0))) -> -16 | T4: =MIN(0, N4+(IFERROR(IF(6*INDEX('UA-normalized'!$D:$D, MATCH($A4, 'UA-normalized'!$A:$A, 0))-INDEX('UA-normalized'!$E:$E, MATCH($A4, 'UA-normalized'!$A:$A, 0))>0, -(6*INDEX('UA-normalized'!$D:$D, MATCH($A4, 'UA-normalized'!$A:$A, 0))-INDEX('UA-normalized'!$E:$E, MATCH($A4, 'UA-normalized'!$A:$A, 0))), 0), 0))+(IFERROR(IF(6*INDEX('KZ-normalized'!$D:$D, MATCH($A4, 'KZ-normalized'!$A:$A, 0))-INDEX('KZ-normalized'!$E:$E, MATCH($A4, 'KZ-normalized'!$A:$A, 0))>0, -(6*INDEX('KZ-normalized'!$D:$D, MATCH($A4, 'KZ-normalized'!$A:$A, 0))-INDEX('KZ-normalized'!$E:$E, MATCH($A4, 'KZ-normalized'!$A:$A, 0))), 0), 0))+(IFERROR(IF(6*INDEX('UZ-normalized'!$D:$D, MATCH($A4, 'UZ-normalized'!$A:$A, 0))-INDEX('UZ-normalized'!$E:$E, MATCH($A4, 'UZ-normalized'!$A:$A, 0))>0, -(6*INDEX('UZ-normalized'!$D:$D, MATCH($A4, 'UZ-normalized'!$A:$A, 0))-INDEX('UZ-normalized'!$E:$E, MATCH($A4, 'UZ-normalized'!$A:$A, 0))), 0), 0))) -> -30 | U4: =MIN(0, N4+(IFERROR(IF(7*INDEX('UA-normalized'!$D:$D, MATCH($A4, 'UA-normalized'!$A:$A, 0))-INDEX('UA-normalized'!$E:$E, MATCH($A4, 'UA-normalized'!$A:$A, 0))>0, -(7*INDEX('UA-normalized'!$D:$D, MATCH($A4, 'UA-normalized'!$A:$A, 0))-INDEX('UA-normalized'!$E:$E, MATCH($A4, 'UA-normalized'!$A:$A, 0))), 0), 0))+(IFERROR(IF(7*INDEX('KZ-normalized'!$D:$D, MATCH($A4, 'KZ-normalized'!$A:$A, 0))-INDEX('KZ-normalized'!$E:$E, MATCH($A4, 'KZ-normalized'!$A:$A, 0))>0, -(7*INDEX('KZ-normalized'!$D:$D, MATCH($A4, 'KZ-normalized'!$A:$A, 0))-INDEX('KZ-normalized'!$E:$E, MATCH($A4, 'KZ-normalized'!$A:$A, 0))), 0), 0))+(IFERROR(IF(7*INDEX('UZ-normalized'!$D:$D, MATCH($A4, 'UZ-normalized'!$A:$A, 0))-INDEX('UZ-normalized'!$E:$E, MATCH($A4, 'UZ-normalized'!$A:$A, 0))>0, -(7*INDEX('UZ-normalized'!$D:$D, MATCH($A4, 'UZ-normalized'!$A:$A, 0))-INDEX('UZ-normalized'!$E:$E, MATCH($A4, 'UZ-normalized'!$A:$A, 0))), 0), 0))) -> -44 | V4: =MIN(0, N4+(IFERROR(IF(8*INDEX('UA-normalized'!$D:$D, MATCH($A4, 'UA-normalized'!$A:$A, 0))-INDEX('UA-normalized'!$E:$E, MATCH($A4, 'UA-normalized'!$A:$A, 0))>0, -(8*INDEX('UA-normalized'!$D:$D, MATCH($A4, 'UA-normalized'!$A:$A, 0))-INDEX('UA-normalized'!$E:$E, MATCH($A4, 'UA-normalized'!$A:$A, 0))), 0), 0))+(IFERROR(IF(8*INDEX('KZ-normalized'!$D:$D, MATCH($A4, 'KZ-normalized'!$A:$A, 0))-INDEX('KZ-normalized'!$E:$E, MATCH($A4, 'KZ-normalized'!$A:$A, 0))>0, -(8*INDEX('KZ-normalized'!$D:$D, MATCH($A4, 'KZ-normalized'!$A:$A, 0))-INDEX('KZ-normalized'!$E:$E, MATCH($A4, 'KZ-normalized'!$A:$A, 0))), 0), 0))+(IFERROR(IF(8*INDEX('UZ-normalized'!$D:$D, MATCH($A4, 'UZ-normalized'!$A:$A, 0))-INDEX('UZ-normalized'!$E:$E, MATCH($A4, 'UZ-normalized'!$A:$A, 0))>0, -(8*INDEX('UZ-normalized'!$D:$D, MATCH($A4, 'UZ-normalized'!$A:$A, 0))-INDEX('UZ-normalized'!$E:$E, MATCH($A4, 'UZ-normalized'!$A:$A, 0))), 0), 0))) -> -58 | W4: =MIN(0, N4+(IFERROR(IF(9*INDEX('UA-normalized'!$D:$D, MATCH($A4, 'UA-normalized'!$A:$A, 0))-INDEX('UA-normalized'!$E:$E, MATCH($A4, 'UA-normalized'!$A:$A, 0))>0, -(9*INDEX('UA-normalized'!$D:$D, MATCH($A4, 'UA-normalized'!$A:$A, 0))-INDEX('UA-normalized'!$E:$E, MATCH($A4, 'UA-normalized'!$A:$A, 0))), 0), 0))+(IFERROR(IF(9*INDEX('KZ-normalized'!$D:$D, MATCH($A4, 'KZ-normalized'!$A:$A, 0))-INDEX('KZ-normalized'!$E:$E, MATCH($A4, 'KZ-normalized'!$A:$A, 0))>0, -(9*INDEX('KZ-normalized'!$D:$D, MATCH($A4, 'KZ-normalized'!$A:$A, 0))-INDEX('KZ-normalized'!$E:$E, MATCH($A4, 'KZ-normalized'!$A:$A, 0))), 0), 0))+(IFERROR(IF(9*INDEX('UZ-normalized'!$D:$D, MATCH($A4, 'UZ-normalized'!$A:$A, 0))-INDEX('UZ-normalized'!$E:$E, MATCH($A4, 'UZ-normalized'!$A:$A, 0))>0, -(9*INDEX('UZ-normalized'!$D:$D, MATCH($A4, 'UZ-normalized'!$A:$A, 0))-INDEX('UZ-normalized'!$E:$E, MATCH($A4, 'UZ-normalized'!$A:$A, 0))), 0), 0))) -> -72 | X4: =MIN(0, N4+(IFERROR(IF(10*INDEX('UA-normalized'!$D:$D, MATCH($A4, 'UA-normalized'!$A:$A, 0))-INDEX('UA-normalized'!$E:$E, MATCH($A4, 'UA-normalized'!$A:$A, 0))>0, -(10*INDEX('UA-normalized'!$D:$D, MATCH($A4, 'UA-normalized'!$A:$A, 0))-INDEX('UA-normalized'!$E:$E, MATCH($A4, 'UA-normalized'!$A:$A, 0))), 0), 0))+(IFERROR(IF(10*INDEX('KZ-normalized'!$D:$D, MATCH($A4, 'KZ-normalized'!$A:$A, 0))-INDEX('KZ-normalized'!$E:$E, MATCH($A4, 'KZ-normalized'!$A:$A, 0))>0, -(10*INDEX('KZ-normalized'!$D:$D, MATCH($A4, 'KZ-normalized'!$A:$A, 0))-INDEX('KZ-normalized'!$E:$E, MATCH($A4, 'KZ-normalized'!$A:$A, 0))), 0), 0))+(IFERROR(IF(10*INDEX('UZ-normalized'!$D:$D, MATCH($A4, 'UZ-normalized'!$A:$A, 0))-INDEX('UZ-normalized'!$E:$E, MATCH($A4, 'UZ-normalized'!$A:$A, 0))>0, -(10*INDEX('UZ-normalized'!$D:$D, MATCH($A4, 'UZ-normalized'!$A:$A, 0))-INDEX('UZ-normalized'!$E:$E, MATCH($A4, 'UZ-normalized'!$A:$A, 0))), 0), 0))) -> -86 | Y4: =MIN(0, N4+(IFERROR(IF(11*INDEX('UA-normalized'!$D:$D, MATCH($A4, 'UA-normalized'!$A:$A, 0))-INDEX('UA-normalized'!$E:$E, MATCH($A4, 'UA-normalized'!$A:$A, 0))>0, -(11*INDEX('UA-normalized'!$D:$D, MATCH($A4, 'UA-normalized'!$A:$A, 0))-INDEX('UA-normalized'!$E:$E, MATCH($A4, 'UA-normalized'!$A:$A, 0))), 0), 0))+(IFERROR(IF(11*INDEX('KZ-normalized'!$D:$D, MATCH($A4, 'KZ-normalized'!$A:$A, 0))-INDEX('KZ-normalized'!$E:$E, MATCH($A4, 'KZ-normalized'!$A:$A, 0))>0, -(11*INDEX('KZ-normalized'!$D:$D, MATCH($A4, 'KZ-normalized'!$A:$A, 0))-INDEX('KZ-normalized'!$E:$E, MATCH($A4, 'KZ-normalized'!$A:$A, 0))), 0), 0))+(IFERROR(IF(11*INDEX('UZ-normalized'!$D:$D, MATCH($A4, 'UZ-normalized'!$A:$A, 0))-INDEX('UZ-normalized'!$E:$E, MATCH($A4, 'UZ-normalized'!$A:$A, 0))>0, -(11*INDEX('UZ-normalized'!$D:$D, MATCH($A4, 'UZ-normalized'!$A:$A, 0))-INDEX('UZ-normalized'!$E:$E, MATCH($A4, 'UZ-normalized'!$A:$A, 0))), 0), 0))) -> -100 | Z4: =MIN(0, N4+(IFERROR(IF(12*INDEX('UA-normalized'!$D:$D, MATCH($A4, 'UA-normalized'!$A:$A, 0))-INDEX('UA-normalized'!$E:$E, MATCH($A4, 'UA-normalized'!$A:$A, 0))>0, -(12*INDEX('UA-normalized'!$D:$D, MATCH($A4, 'UA-normalized'!$A:$A, 0))-INDEX('UA-normalized'!$E:$E, MATCH($A4, 'UA-normalized'!$A:$A, 0))), 0), 0))+(IFERROR(IF(12*INDEX('KZ-normalized'!$D:$D, MATCH($A4, 'KZ-normalized'!$A:$A, 0))-INDEX('KZ-normalized'!$E:$E, MATCH($A4, 'KZ-normalized'!$A:$A, 0))>0, -(12*INDEX('KZ-normalized'!$D:$D, MATCH($A4, 'KZ-normalized'!$A:$A, 0))-INDEX('KZ-normalized'!$E:$E, MATCH($A4, 'KZ-normalized'!$A:$A, 0))), 0), 0))+(IFERROR(IF(12*INDEX('UZ-normalized'!$D:$D, MATCH($A4, 'UZ-normalized'!$A:$A, 0))-INDEX('UZ-normalized'!$E:$E, MATCH($A4, 'UZ-normalized'!$A:$A, 0))>0, -(12*INDEX('UZ-normalized'!$D:$D, MATCH($A4, 'UZ-normalized'!$A:$A, 0))-INDEX('UZ-normalized'!$E:$E, MATCH($A4, 'UZ-normalized'!$A:$A, 0))), 0), 0))) -> -114 | AA4: =MIN(0, N4+(IFERROR(IF(13*INDEX('UA-normalized'!$D:$D, MATCH($A4, 'UA-normalized'!$A:$A, 0))-INDEX('UA-normalized'!$E:$E, MATCH($A4, 'UA-normalized'!$A:$A, 0))>0, -(13*INDEX('UA-normalized'!$D:$D, MATCH($A4, 'UA-normalized'!$A:$A, 0))-INDEX('UA-normalized'!$E:$E, MATCH($A4, 'UA-normalized'!$A:$A, 0))), 0), 0))+(IFERROR(IF(13*INDEX('KZ-normalized'!$D:$D, MATCH($A4, 'KZ-normalized'!$A:$A, 0))-INDEX('KZ-normalized'!$E:$E, MATCH($A4, 'KZ-normalized'!$A:$A, 0))>0, -(13*INDEX('KZ-normalized'!$D:$D, MATCH($A4, 'KZ-normalized'!$A:$A, 0))-INDEX('KZ-normalized'!$E:$E, MATCH($A4, 'KZ-normalized'!$A:$A, 0))), 0), 0))+(IFERROR(IF(13*INDEX('UZ-normalized'!$D:$D, MATCH($A4, 'UZ-normalized'!$A:$A, 0))-INDEX('UZ-normalized'!$E:$E, MATCH($A4, 'UZ-normalized'!$A:$A, 0))>0, -(13*INDEX('UZ-normalized'!$D:$D, MATCH($A4, 'UZ-normalized'!$A:$A, 0))-INDEX('UZ-normalized'!$E:$E, MATCH($A4, 'UZ-normalized'!$A:$A, 0))), 0), 0))) -> -128 | AB4: =MIN(0, N4+(IFERROR(IF(14*INDEX('UA-normalized'!$D:$D, MATCH($A4, 'UA-normalized'!$A:$A, 0))-INDEX('UA-normalized'!$E:$E, MATCH($A4, 'UA-normalized'!$A:$A, 0))>0, -(14*INDEX('UA-normalized'!$D:$D, MATCH($A4, 'UA-normalized'!$A:$A, 0))-INDEX('UA-normalized'!$E:$E, MATCH($A4, 'UA-normalized'!$A:$A, 0))), 0), 0))+(IFERROR(IF(14*INDEX('KZ-normalized'!$D:$D, MATCH($A4, 'KZ-normalized'!$A:$A, 0))-INDEX('KZ-normalized'!$E:$E, MATCH($A4, 'KZ-normalized'!$A:$A, 0))>0, -(14*INDEX('KZ-normalized'!$D:$D, MATCH($A4, 'KZ-normalized'!$A:$A, 0))-INDEX('KZ-normalized'!$E:$E, MATCH($A4, 'KZ-normalized'!$A:$A, 0))), 0), 0))+(IFERROR(IF(14*INDEX('UZ-normalized'!$D:$D, MATCH($A4, 'UZ-normalized'!$A:$A, 0))-INDEX('UZ-normalized'!$E:$E, MATCH($A4, 'UZ-normalized'!$A:$A, 0))>0, -(14*INDEX('UZ-normalized'!$D:$D, MATCH($A4, 'UZ-normalized'!$A:$A, 0))-INDEX('UZ-normalized'!$E:$E, MATCH($A4, 'UZ-normalized'!$A:$A, 0))), 0), 0))) -> -142 | AC4: =MIN(0, N4+(IFERROR(IF(15*INDEX('UA-normalized'!$D:$D, MATCH($A4, 'UA-normalized'!$A:$A, 0))-INDEX('UA-normalized'!$E:$E, MATCH($A4, 'UA-normalized'!$A:$A, 0))>0, -(15*INDEX('UA-normalized'!$D:$D, MATCH($A4, 'UA-normalized'!$A:$A, 0))-INDEX('UA-normalized'!$E:$E, MATCH($A4, 'UA-normalized'!$A:$A, 0))), 0), 0))+(IFERROR(IF(15*INDEX('KZ-normalized'!$D:$D, MATCH($A4, 'KZ-normalized'!$A:$A, 0))-INDEX('KZ-normalized'!$E:$E, MATCH($A4, 'KZ-normalized'!$A:$A, 0))>0, -(15*INDEX('KZ-normalized'!$D:$D, MATCH($A4, 'KZ-normalized'!$A:$A, 0))-INDEX('KZ-normalized'!$E:$E, MATCH($A4, 'KZ-normalized'!$A:$A, 0))), 0), 0))+(IFERROR(IF(15*INDEX('UZ-normalized'!$D:$D, MATCH($A4, 'UZ-normalized'!$A:$A, 0))-INDEX('UZ-normalized'!$E:$E, MATCH($A4, 'UZ-normalized'!$A:$A, 0))>0, -(15*INDEX('UZ-normalized'!$D:$D, MATCH($A4, 'UZ-normalized'!$A:$A, 0))-INDEX('UZ-normalized'!$E:$E, MATCH($A4, 'UZ-normalized'!$A:$A, 0))), 0), 0))) -> -156 | AD4: =MIN(0, N4+(IFERROR(IF(16*INDEX('UA-normalized'!$D:$D, MATCH($A4, 'UA-normalized'!$A:$A, 0))-INDEX('UA-normalized'!$E:$E, MATCH($A4, 'UA-normalized'!$A:$A, 0))>0, -(16*INDEX('UA-normalized'!$D:$D, MATCH($A4, 'UA-normalized'!$A:$A, 0))-INDEX('UA-normalized'!$E:$E, MATCH($A4, 'UA-normalized'!$A:$A, 0))), 0), 0))+(IFERROR(IF(16*INDEX('KZ-normalized'!$D:$D, MATCH($A4, 'KZ-normalized'!$A:$A, 0))-INDEX('KZ-normalized'!$E:$E, MATCH($A4, 'KZ-normalized'!$A:$A, 0))>0, -(16*INDEX('KZ-normalized'!$D:$D, MATCH($A4, 'KZ-normalized'!$A:$A, 0))-INDEX('KZ-normalized'!$E:$E, MATCH($A4, 'KZ-normalized'!$A:$A, 0))), 0), 0))+(IFERROR(IF(16*INDEX('UZ-normalized'!$D:$D, MATCH($A4, 'UZ-normalized'!$A:$A, 0))-INDEX('UZ-normalized'!$E:$E, MATCH($A4, 'UZ-normalized'!$A:$A, 0))>0, -(16*INDEX('UZ-normalized'!$D:$D, MATCH($A4, 'UZ-normalized'!$A:$A, 0))-INDEX('UZ-normalized'!$E:$E, MATCH($A4, 'UZ-normalized'!$A:$A, 0))), 0), 0))) -> -170 | AE4: =MIN(0, N4+(IFERROR(IF(17*INDEX('UA-normalized'!$D:$D, MATCH($A4, 'UA-normalized'!$A:$A, 0))-INDEX('UA-normalized'!$E:$E, MATCH($A4, 'UA-normalized'!$A:$A, 0))>0, -(17*INDEX('UA-normalized'!$D:$D, MATCH($A4, 'UA-normalized'!$A:$A, 0))-INDEX('UA-normalized'!$E:$E, MATCH($A4, 'UA-normalized'!$A:$A, 0))), 0), 0))+(IFERROR(IF(17*INDEX('KZ-normalized'!$D:$D, MATCH($A4, 'KZ-normalized'!$A:$A, 0))-INDEX('KZ-normalized'!$E:$E, MATCH($A4, 'KZ-normalized'!$A:$A, 0))>0, -(17*INDEX('KZ-normalized'!$D:$D, MATCH($A4, 'KZ-normalized'!$A:$A, 0))-INDEX('KZ-normalized'!$E:$E, MATCH($A4, 'KZ-normalized'!$A:$A, 0))), 0), 0))+(IFERROR(IF(17*INDEX('UZ-normalized'!$D:$D, MATCH($A4, 'UZ-normalized'!$A:$A, 0))-INDEX('UZ-normalized'!$E:$E, MATCH($A4, 'UZ-normalized'!$A:$A, 0))>0, -(17*INDEX('UZ-normalized'!$D:$D, MATCH($A4, 'UZ-normalized'!$A:$A, 0))-INDEX('UZ-normalized'!$E:$E, MATCH($A4, 'UZ-normalized'!$A:$A, 0))), 0), 0))) -> -184 | AF4: =MIN(0, N4+(IFERROR(IF(18*INDEX('UA-normalized'!$D:$D, MATCH($A4, 'UA-normalized'!$A:$A, 0))-INDEX('UA-normalized'!$E:$E, MATCH($A4, 'UA-normalized'!$A:$A, 0))>0, -(18*INDEX('UA-normalized'!$D:$D, MATCH($A4, 'UA-normalized'!$A:$A, 0))-INDEX('UA-normalized'!$E:$E, MATCH($A4, 'UA-normalized'!$A:$A, 0))), 0), 0))+(IFERROR(IF(18*INDEX('KZ-normalized'!$D:$D, MATCH($A4, 'KZ-normalized'!$A:$A, 0))-INDEX('KZ-normalized'!$E:$E, MATCH($A4, 'KZ-normalized'!$A:$A, 0))>0, -(18*INDEX('KZ-normalized'!$D:$D, MATCH($A4, 'KZ-normalized'!$A:$A, 0))-INDEX('KZ-normalized'!$E:$E, MATCH($A4, 'KZ-normalized'!$A:$A, 0))), 0), 0))+(IFERROR(IF(18*INDEX('UZ-normalized'!$D:$D, MATCH($A4, 'UZ-normalized'!$A:$A, 0))-INDEX('UZ-normalized'!$E:$E, MATCH($A4, 'UZ-normalized'!$A:$A, 0))>0, -(18*INDEX('UZ-normalized'!$D:$D, MATCH($A4, 'UZ-normalized'!$A:$A, 0))-INDEX('UZ-normalized'!$E:$E, MATCH($A4, 'UZ-normalized'!$A:$A, 0))), 0), 0))) -> -198 | AG4: =MIN(0, N4+(IFERROR(IF(19*INDEX('UA-normalized'!$D:$D, MATCH($A4, 'UA-normalized'!$A:$A, 0))-INDEX('UA-normalized'!$E:$E, MATCH($A4, 'UA-normalized'!$A:$A, 0))>0, -(19*INDEX('UA-normalized'!$D:$D, MATCH($A4, 'UA-normalized'!$A:$A, 0))-INDEX('UA-normalized'!$E:$E, MATCH($A4, 'UA-normalized'!$A:$A, 0))), 0), 0))+(IFERROR(IF(19*INDEX('KZ-normalized'!$D:$D, MATCH($A4, 'KZ-normalized'!$A:$A, 0))-INDEX('KZ-normalized'!$E:$E, MATCH($A4, 'KZ-normalized'!$A:$A, 0))>0, -(19*INDEX('KZ-normalized'!$D:$D, MATCH($A4, 'KZ-normalized'!$A:$A, 0))-INDEX('KZ-normalized'!$E:$E, MATCH($A4, 'KZ-normalized'!$A:$A, 0))), 0), 0))+(IFERROR(IF(19*INDEX('UZ-normalized'!$D:$D, MATCH($A4, 'UZ-normalized'!$A:$A, 0))-INDEX('UZ-normalized'!$E:$E, MATCH($A4, 'UZ-normalized'!$A:$A, 0))>0, -(19*INDEX('UZ-normalized'!$D:$D, MATCH($A4, 'UZ-normalized'!$A:$A, 0))-INDEX('UZ-normalized'!$E:$E, MATCH($A4, 'UZ-normalized'!$A:$A, 0))), 0), 0))) -> -212 | AH4: =MIN(0, N4+(IFERROR(IF(20*INDEX('UA-normalized'!$D:$D, MATCH($A4, 'UA-normalized'!$A:$A, 0))-INDEX('UA-normalized'!$E:$E, MATCH($A4, 'UA-normalized'!$A:$A, 0))>0, -(20*INDEX('UA-normalized'!$D:$D, MATCH($A4, 'UA-normalized'!$A:$A, 0))-INDEX('UA-normalized'!$E:$E, MATCH($A4, 'UA-normalized'!$A:$A, 0))), 0), 0))+(IFERROR(IF(20*INDEX('KZ-normalized'!$D:$D, MATCH($A4, 'KZ-normalized'!$A:$A, 0))-INDEX('KZ-normalized'!$E:$E, MATCH($A4, 'KZ-normalized'!$A:$A, 0))>0, -(20*INDEX('KZ-normalized'!$D:$D, MATCH($A4, 'KZ-normalized'!$A:$A, 0))-INDEX('KZ-normalized'!$E:$E, MATCH($A4, 'KZ-normalized'!$A:$A, 0))), 0), 0))+(IFERROR(IF(20*INDEX('UZ-normalized'!$D:$D, MATCH($A4, 'UZ-normalized'!$A:$A, 0))-INDEX('UZ-normalized'!$E:$E, MATCH($A4, 'UZ-normalized'!$A:$A, 0))>0, -(20*INDEX('UZ-normalized'!$D:$D, MATCH($A4, 'UZ-normalized'!$A:$A, 0))-INDEX('UZ-normalized'!$E:$E, MATCH($A4, 'UZ-normalized'!$A:$A, 0))), 0), 0))) -> -226 | AI4: =MIN(0, N4+(IFERROR(IF(21*INDEX('UA-normalized'!$D:$D, MATCH($A4, 'UA-normalized'!$A:$A, 0))-INDEX('UA-normalized'!$E:$E, MATCH($A4, 'UA-normalized'!$A:$A, 0))>0, -(21*INDEX('UA-normalized'!$D:$D, MATCH($A4, 'UA-normalized'!$A:$A, 0))-INDEX('UA-normalized'!$E:$E, MATCH($A4, 'UA-normalized'!$A:$A, 0))), 0), 0))+(IFERROR(IF(21*INDEX('KZ-normalized'!$D:$D, MATCH($A4, 'KZ-normalized'!$A:$A, 0))-INDEX('KZ-normalized'!$E:$E, MATCH($A4, 'KZ-normalized'!$A:$A, 0))>0, -(21*INDEX('KZ-normalized'!$D:$D, MATCH($A4, 'KZ-normalized'!$A:$A, 0))-INDEX('KZ-normalized'!$E:$E, MATCH($A4, 'KZ-normalized'!$A:$A, 0))), 0), 0))+(IFERROR(IF(21*INDEX('UZ-normalized'!$D:$D, MATCH($A4, 'UZ-normalized'!$A:$A, 0))-INDEX('UZ-normalized'!$E:$E, MATCH($A4, 'UZ-normalized'!$A:$A, 0))>0, -(21*INDEX('UZ-normalized'!$D:$D, MATCH($A4, 'UZ-normalized'!$A:$A, 0))-INDEX('UZ-normalized'!$E:$E, MATCH($A4, 'UZ-normalized'!$A:$A, 0))), 0), 0))) -> -240 | AJ4: =MIN(0, N4+(IFERROR(IF(22*INDEX('UA-normalized'!$D:$D, MATCH($A4, 'UA-normalized'!$A:$A, 0))-INDEX('UA-normalized'!$E:$E, MATCH($A4, 'UA-normalized'!$A:$A, 0))>0, -(22*INDEX('UA-normalized'!$D:$D, MATCH($A4, 'UA-normalized'!$A:$A, 0))-INDEX('UA-normalized'!$E:$E, MATCH($A4, 'UA-normalized'!$A:$A, 0))), 0), 0))+(IFERROR(IF(22*INDEX('KZ-normalized'!$D:$D, MATCH($A4, 'KZ-normalized'!$A:$A, 0))-INDEX('KZ-normalized'!$E:$E, MATCH($A4, 'KZ-normalized'!$A:$A, 0))>0, -(22*INDEX('KZ-normalized'!$D:$D, MATCH($A4, 'KZ-normalized'!$A:$A, 0))-INDEX('KZ-normalized'!$E:$E, MATCH($A4, 'KZ-normalized'!$A:$A, 0))), 0), 0))+(IFERROR(IF(22*INDEX('UZ-normalized'!$D:$D, MATCH($A4, 'UZ-normalized'!$A:$A, 0))-INDEX('UZ-normalized'!$E:$E, MATCH($A4, 'UZ-normalized'!$A:$A, 0))>0, -(22*INDEX('UZ-normalized'!$D:$D, MATCH($A4, 'UZ-normalized'!$A:$A, 0))-INDEX('UZ-normalized'!$E:$E, MATCH($A4, 'UZ-normalized'!$A:$A, 0))), 0), 0))) -> -254 | AK4: =MIN(0, N4+(IFERROR(IF(23*INDEX('UA-normalized'!$D:$D, MATCH($A4, 'UA-normalized'!$A:$A, 0))-INDEX('UA-normalized'!$E:$E, MATCH($A4, 'UA-normalized'!$A:$A, 0))>0, -(23*INDEX('UA-normalized'!$D:$D, MATCH($A4, 'UA-normalized'!$A:$A, 0))-INDEX('UA-normalized'!$E:$E, MATCH($A4, 'UA-normalized'!$A:$A, 0))), 0), 0))+(IFERROR(IF(23*INDEX('KZ-normalized'!$D:$D, MATCH($A4, 'KZ-normalized'!$A:$A, 0))-INDEX('KZ-normalized'!$E:$E, MATCH($A4, 'KZ-normalized'!$A:$A, 0))>0, -(23*INDEX('KZ-normalized'!$D:$D, MATCH($A4, 'KZ-normalized'!$A:$A, 0))-INDEX('KZ-normalized'!$E:$E, MATCH($A4, 'KZ-normalized'!$A:$A, 0))), 0), 0))+(IFERROR(IF(23*INDEX('UZ-normalized'!$D:$D, MATCH($A4, 'UZ-normalized'!$A:$A, 0))-INDEX('UZ-normalized'!$E:$E, MATCH($A4, 'UZ-normalized'!$A:$A, 0))>0, -(23*INDEX('UZ-normalized'!$D:$D, MATCH($A4, 'UZ-normalized'!$A:$A, 0))-INDEX('UZ-normalized'!$E:$E, MATCH($A4, 'UZ-normalized'!$A:$A, 0))), 0), 0))) -> -268 | AL4: =MIN(0, N4+(IFERROR(IF(24*INDEX('UA-normalized'!$D:$D, MATCH($A4, 'UA-normalized'!$A:$A, 0))-INDEX('UA-normalized'!$E:$E, MATCH($A4, 'UA-normalized'!$A:$A, 0))>0, -(24*INDEX('UA-normalized'!$D:$D, MATCH($A4, 'UA-normalized'!$A:$A, 0))-INDEX('UA-normalized'!$E:$E, MATCH($A4, 'UA-normalized'!$A:$A, 0))), 0), 0))+(IFERROR(IF(24*INDEX('KZ-normalized'!$D:$D, MATCH($A4, 'KZ-normalized'!$A:$A, 0))-INDEX('KZ-normalized'!$E:$E, MATCH($A4, 'KZ-normalized'!$A:$A, 0))>0, -(24*INDEX('KZ-normalized'!$D:$D, MATCH($A4, 'KZ-normalized'!$A:$A, 0))-INDEX('KZ-normalized'!$E:$E, MATCH($A4, 'KZ-normalized'!$A:$A, 0))), 0), 0))+(IFERROR(IF(24*INDEX('UZ-normalized'!$D:$D, MATCH($A4, 'UZ-normalized'!$A:$A, 0))-INDEX('UZ-normalized'!$E:$E, MATCH($A4, 'UZ-normalized'!$A:$A, 0))>0, -(24*INDEX('UZ-normalized'!$D:$D, MATCH($A4, 'UZ-normalized'!$A:$A, 0))-INDEX('UZ-normalized'!$E:$E, MATCH($A4, 'UZ-normalized'!$A:$A, 0))), 0), 0))) -> -282 | AM4: =MIN(0, N4+(IFERROR(IF(25*INDEX('UA-normalized'!$D:$D, MATCH($A4, 'UA-normalized'!$A:$A, 0))-INDEX('UA-normalized'!$E:$E, MATCH($A4, 'UA-normalized'!$A:$A, 0))>0, -(25*INDEX('UA-normalized'!$D:$D, MATCH($A4, 'UA-normalized'!$A:$A, 0))-INDEX('UA-normalized'!$E:$E, MATCH($A4, 'UA-normalized'!$A:$A, 0))), 0), 0))+(IFERROR(IF(25*INDEX('KZ-normalized'!$D:$D, MATCH($A4, 'KZ-normalized'!$A:$A, 0))-INDEX('KZ-normalized'!$E:$E, MATCH($A4, 'KZ-normalized'!$A:$A, 0))>0, -(25*INDEX('KZ-normalized'!$D:$D, MATCH($A4, 'KZ-normalized'!$A:$A, 0))-INDEX('KZ-normalized'!$E:$E, MATCH($A4, 'KZ-normalized'!$A:$A, 0))), 0), 0))+(IFERROR(IF(25*INDEX('UZ-normalized'!$D:$D, MATCH($A4, 'UZ-normalized'!$A:$A, 0))-INDEX('UZ-normalized'!$E:$E, MATCH($A4, 'UZ-normalized'!$A:$A, 0))>0, -(25*INDEX('UZ-normalized'!$D:$D, MATCH($A4, 'UZ-normalized'!$A:$A, 0))-INDEX('UZ-normalized'!$E:$E, MATCH($A4, 'UZ-normalized'!$A:$A, 0))), 0), 0))) -> -296 | AN4: =MIN(0, N4+(IFERROR(IF(26*INDEX('UA-normalized'!$D:$D, MATCH($A4, 'UA-normalized'!$A:$A, 0))-INDEX('UA-normalized'!$E:$E, MATCH($A4, 'UA-normalized'!$A:$A, 0))>0, -(26*INDEX('UA-normalized'!$D:$D, MATCH($A4, 'UA-normalized'!$A:$A, 0))-INDEX('UA-normalized'!$E:$E, MATCH($A4, 'UA-normalized'!$A:$A, 0))), 0), 0))+(IFERROR(IF(26*INDEX('KZ-normalized'!$D:$D, MATCH($A4, 'KZ-normalized'!$A:$A, 0))-INDEX('KZ-normalized'!$E:$E, MATCH($A4, 'KZ-normalized'!$A:$A, 0))>0, -(26*INDEX('KZ-normalized'!$D:$D, MATCH($A4, 'KZ-normalized'!$A:$A, 0))-INDEX('KZ-normalized'!$E:$E, MATCH($A4, 'KZ-normalized'!$A:$A, 0))), 0), 0))+(IFERROR(IF(26*INDEX('UZ-normalized'!$D:$D, MATCH($A4, 'UZ-normalized'!$A:$A, 0))-INDEX('UZ-normalized'!$E:$E, MATCH($A4, 'UZ-normalized'!$A:$A, 0))>0, -(26*INDEX('UZ-normalized'!$D:$D, MATCH($A4, 'UZ-normalized'!$A:$A, 0))-INDEX('UZ-normalized'!$E:$E, MATCH($A4, 'UZ-normalized'!$A:$A, 0))), 0), 0))) -> -310 | AO4: =MIN(0, N4+(IFERROR(IF(27*INDEX('UA-normalized'!$D:$D, MATCH($A4, 'UA-normalized'!$A:$A, 0))-INDEX('UA-normalized'!$E:$E, MATCH($A4, 'UA-normalized'!$A:$A, 0))>0, -(27*INDEX('UA-normalized'!$D:$D, MATCH($A4, 'UA-normalized'!$A:$A, 0))-INDEX('UA-normalized'!$E:$E, MATCH($A4, 'UA-normalized'!$A:$A, 0))), 0), 0))+(IFERROR(IF(27*INDEX('KZ-normalized'!$D:$D, MATCH($A4, 'KZ-normalized'!$A:$A, 0))-INDEX('KZ-normalized'!$E:$E, MATCH($A4, 'KZ-normalized'!$A:$A, 0))>0, -(27*INDEX('KZ-normalized'!$D:$D, MATCH($A4, 'KZ-normalized'!$A:$A, 0))-INDEX('KZ-normalized'!$E:$E, MATCH($A4, 'KZ-normalized'!$A:$A, 0))), 0), 0))+(IFERROR(IF(27*INDEX('UZ-normalized'!$D:$D, MATCH($A4, 'UZ-normalized'!$A:$A, 0))-INDEX('UZ-normalized'!$E:$E, MATCH($A4, 'UZ-normalized'!$A:$A, 0))>0, -(27*INDEX('UZ-normalized'!$D:$D, MATCH($A4, 'UZ-normalized'!$A:$A, 0))-INDEX('UZ-normalized'!$E:$E, MATCH($A4, 'UZ-normalized'!$A:$A, 0))), 0), 0))) -> -324 | AP4: =MIN(0, N4+(IFERROR(IF(28*INDEX('UA-normalized'!$D:$D, MATCH($A4, 'UA-normalized'!$A:$A, 0))-INDEX('UA-normalized'!$E:$E, MATCH($A4, 'UA-normalized'!$A:$A, 0))>0, -(28*INDEX('UA-normalized'!$D:$D, MATCH($A4, 'UA-normalized'!$A:$A, 0))-INDEX('UA-normalized'!$E:$E, MATCH($A4, 'UA-normalized'!$A:$A, 0))), 0), 0))+(IFERROR(IF(28*INDEX('KZ-normalized'!$D:$D, MATCH($A4, 'KZ-normalized'!$A:$A, 0))-INDEX('KZ-normalized'!$E:$E, MATCH($A4, 'KZ-normalized'!$A:$A, 0))>0, -(28*INDEX('KZ-normalized'!$D:$D, MATCH($A4, 'KZ-normalized'!$A:$A, 0))-INDEX('KZ-normalized'!$E:$E, MATCH($A4, 'KZ-normalized'!$A:$A, 0))), 0), 0))+(IFERROR(IF(28*INDEX('UZ-normalized'!$D:$D, MATCH($A4, 'UZ-normalized'!$A:$A, 0))-INDEX('UZ-normalized'!$E:$E, MATCH($A4, 'UZ-normalized'!$A:$A, 0))>0, -(28*INDEX('UZ-normalized'!$D:$D, MATCH($A4, 'UZ-normalized'!$A:$A, 0))-INDEX('UZ-normalized'!$E:$E, MATCH($A4, 'UZ-normalized'!$A:$A, 0))), 0), 0))) -> -338 | AQ4: =MIN(0, N4+(IFERROR(IF(29*INDEX('UA-normalized'!$D:$D, MATCH($A4, 'UA-normalized'!$A:$A, 0))-INDEX('UA-normalized'!$E:$E, MATCH($A4, 'UA-normalized'!$A:$A, 0))>0, -(29*INDEX('UA-normalized'!$D:$D, MATCH($A4, 'UA-normalized'!$A:$A, 0))-INDEX('UA-normalized'!$E:$E, MATCH($A4, 'UA-normalized'!$A:$A, 0))), 0), 0))+(IFERROR(IF(29*INDEX('KZ-normalized'!$D:$D, MATCH($A4, 'KZ-normalized'!$A:$A, 0))-INDEX('KZ-normalized'!$E:$E, MATCH($A4, 'KZ-normalized'!$A:$A, 0))>0, -(29*INDEX('KZ-normalized'!$D:$D, MATCH($A4, 'KZ-normalized'!$A:$A, 0))-INDEX('KZ-normalized'!$E:$E, MATCH($A4, 'KZ-normalized'!$A:$A, 0))), 0), 0))+(IFERROR(IF(29*INDEX('UZ-normalized'!$D:$D, MATCH($A4, 'UZ-normalized'!$A:$A, 0))-INDEX('UZ-normalized'!$E:$E, MATCH($A4, 'UZ-normalized'!$A:$A, 0))>0, -(29*INDEX('UZ-normalized'!$D:$D, MATCH($A4, 'UZ-normalized'!$A:$A, 0))-INDEX('UZ-normalized'!$E:$E, MATCH($A4, 'UZ-normalized'!$A:$A, 0))), 0), 0))) -> -352 | AR4: =MIN(0, N4+(IFERROR(IF(30*INDEX('UA-normalized'!$D:$D, MATCH($A4, 'UA-normalized'!$A:$A, 0))-INDEX('UA-normalized'!$E:$E, MATCH($A4, 'UA-normalized'!$A:$A, 0))>0, -(30*INDEX('UA-normalized'!$D:$D, MATCH($A4, 'UA-normalized'!$A:$A, 0))-INDEX('UA-normalized'!$E:$E, MATCH($A4, 'UA-normalized'!$A:$A, 0))), 0), 0))+(IFERROR(IF(30*INDEX('KZ-normalized'!$D:$D, MATCH($A4, 'KZ-normalized'!$A:$A, 0))-INDEX('KZ-normalized'!$E:$E, MATCH($A4, 'KZ-normalized'!$A:$A, 0))>0, -(30*INDEX('KZ-normalized'!$D:$D, MATCH($A4, 'KZ-normalized'!$A:$A, 0))-INDEX('KZ-normalized'!$E:$E, MATCH($A4, 'KZ-normalized'!$A:$A, 0))), 0), 0))+(IFERROR(IF(30*INDEX('UZ-normalized'!$D:$D, MATCH($A4, 'UZ-normalized'!$A:$A, 0))-INDEX('UZ-normalized'!$E:$E, MATCH($A4, 'UZ-normalized'!$A:$A, 0))>0, -(30*INDEX('UZ-normalized'!$D:$D, MATCH($A4, 'UZ-normalized'!$A:$A, 0))-INDEX('UZ-normalized'!$E:$E, MATCH($A4, 'UZ-normalized'!$A:$A, 0))), 0), 0))) -> -366
A5: PR-CHE-49-1590-000-SET | B5: CHE | C5: 1590 | D5: 19-1590-000 | N5: =SUM(E5:M5) -> 0 | O5: =MIN(0, N5+(IFERROR(IF(1*INDEX('UA-normalized'!$D:$D, MATCH($A5, 'UA-normalized'!$A:$A, 0))-INDEX('UA-normalized'!$E:$E, MATCH($A5, 'UA-normalized'!$A:$A, 0))>0, -(1*INDEX('UA-normalized'!$D:$D, MATCH($A5, 'UA-normalized'!$A:$A, 0))-INDEX('UA-normalized'!$E:$E, MATCH($A5, 'UA-normalized'!$A:$A, 0))), 0), 0))+(IFERROR(IF(1*INDEX('KZ-normalized'!$D:$D, MATCH($A5, 'KZ-normalized'!$A:$A, 0))-INDEX('KZ-normalized'!$E:$E, MATCH($A5, 'KZ-normalized'!$A:$A, 0))>0, -(1*INDEX('KZ-normalized'!$D:$D, MATCH($A5, 'KZ-normalized'!$A:$A, 0))-INDEX('KZ-normalized'!$E:$E, MATCH($A5, 'KZ-normalized'!$A:$A, 0))), 0), 0))+(IFERROR(IF(1*INDEX('UZ-normalized'!$D:$D, MATCH($A5, 'UZ-normalized'!$A:$A, 0))-INDEX('UZ-normalized'!$E:$E, MATCH($A5, 'UZ-normalized'!$A:$A, 0))>0, -(1*INDEX('UZ-normalized'!$D:$D, MATCH($A5, 'UZ-normalized'!$A:$A, 0))-INDEX('UZ-normalized'!$E:$E, MATCH($A5, 'UZ-normalized'!$A:$A, 0))), 0), 0))) -> 0 | P5: =MIN(0, N5+(IFERROR(IF(2*INDEX('UA-normalized'!$D:$D, MATCH($A5, 'UA-normalized'!$A:$A, 0))-INDEX('UA-normalized'!$E:$E, MATCH($A5, 'UA-normalized'!$A:$A, 0))>0, -(2*INDEX('UA-normalized'!$D:$D, MATCH($A5, 'UA-normalized'!$A:$A, 0))-INDEX('UA-normalized'!$E:$E, MATCH($A5, 'UA-normalized'!$A:$A, 0))), 0), 0))+(IFERROR(IF(2*INDEX('KZ-normalized'!$D:$D, MATCH($A5, 'KZ-normalized'!$A:$A, 0))-INDEX('KZ-normalized'!$E:$E, MATCH($A5, 'KZ-normalized'!$A:$A, 0))>0, -(2*INDEX('KZ-normalized'!$D:$D, MATCH($A5, 'KZ-normalized'!$A:$A, 0))-INDEX('KZ-normalized'!$E:$E, MATCH($A5, 'KZ-normalized'!$A:$A, 0))), 0), 0))+(IFERROR(IF(2*INDEX('UZ-normalized'!$D:$D, MATCH($A5, 'UZ-normalized'!$A:$A, 0))-INDEX('UZ-normalized'!$E:$E, MATCH($A5, 'UZ-normalized'!$A:$A, 0))>0, -(2*INDEX('UZ-normalized'!$D:$D, MATCH($A5, 'UZ-normalized'!$A:$A, 0))-INDEX('UZ-normalized'!$E:$E, MATCH($A5, 'UZ-normalized'!$A:$A, 0))), 0), 0))) -> 0 | Q5: =MIN(0, N5+(IFERROR(IF(3*INDEX('UA-normalized'!$D:$D, MATCH($A5, 'UA-normalized'!$A:$A, 0))-INDEX('UA-normalized'!$E:$E, MATCH($A5, 'UA-normalized'!$A:$A, 0))>0, -(3*INDEX('UA-normalized'!$D:$D, MATCH($A5, 'UA-normalized'!$A:$A, 0))-INDEX('UA-normalized'!$E:$E, MATCH($A5, 'UA-normalized'!$A:$A, 0))), 0), 0))+(IFERROR(IF(3*INDEX('KZ-normalized'!$D:$D, MATCH($A5, 'KZ-normalized'!$A:$A, 0))-INDEX('KZ-normalized'!$E:$E, MATCH($A5, 'KZ-normalized'!$A:$A, 0))>0, -(3*INDEX('KZ-normalized'!$D:$D, MATCH($A5, 'KZ-normalized'!$A:$A, 0))-INDEX('KZ-normalized'!$E:$E, MATCH($A5, 'KZ-normalized'!$A:$A, 0))), 0), 0))+(IFERROR(IF(3*INDEX('UZ-normalized'!$D:$D, MATCH($A5, 'UZ-normalized'!$A:$A, 0))-INDEX('UZ-normalized'!$E:$E, MATCH($A5, 'UZ-normalized'!$A:$A, 0))>0, -(3*INDEX('UZ-normalized'!$D:$D, MATCH($A5, 'UZ-normalized'!$A:$A, 0))-INDEX('UZ-normalized'!$E:$E, MATCH($A5, 'UZ-normalized'!$A:$A, 0))), 0), 0))) -> 0 | R5: =MIN(0, N5+(IFERROR(IF(4*INDEX('UA-normalized'!$D:$D, MATCH($A5, 'UA-normalized'!$A:$A, 0))-INDEX('UA-normalized'!$E:$E, MATCH($A5, 'UA-normalized'!$A:$A, 0))>0, -(4*INDEX('UA-normalized'!$D:$D, MATCH($A5, 'UA-normalized'!$A:$A, 0))-INDEX('UA-normalized'!$E:$E, MATCH($A5, 'UA-normalized'!$A:$A, 0))), 0), 0))+(IFERROR(IF(4*INDEX('KZ-normalized'!$D:$D, MATCH($A5, 'KZ-normalized'!$A:$A, 0))-INDEX('KZ-normalized'!$E:$E, MATCH($A5, 'KZ-normalized'!$A:$A, 0))>0, -(4*INDEX('KZ-normalized'!$D:$D, MATCH($A5, 'KZ-normalized'!$A:$A, 0))-INDEX('KZ-normalized'!$E:$E, MATCH($A5, 'KZ-normalized'!$A:$A, 0))), 0), 0))+(IFERROR(IF(4*INDEX('UZ-normalized'!$D:$D, MATCH($A5, 'UZ-normalized'!$A:$A, 0))-INDEX('UZ-normalized'!$E:$E, MATCH($A5, 'UZ-normalized'!$A:$A, 0))>0, -(4*INDEX('UZ-normalized'!$D:$D, MATCH($A5, 'UZ-normalized'!$A:$A, 0))-INDEX('UZ-normalized'!$E:$E, MATCH($A5, 'UZ-normalized'!$A:$A, 0))), 0), 0))) -> 0 | S5: =MIN(0, N5+(IFERROR(IF(5*INDEX('UA-normalized'!$D:$D, MATCH($A5, 'UA-normalized'!$A:$A, 0))-INDEX('UA-normalized'!$E:$E, MATCH($A5, 'UA-normalized'!$A:$A, 0))>0, -(5*INDEX('UA-normalized'!$D:$D, MATCH($A5, 'UA-normalized'!$A:$A, 0))-INDEX('UA-normalized'!$E:$E, MATCH($A5, 'UA-normalized'!$A:$A, 0))), 0), 0))+(IFERROR(IF(5*INDEX('KZ-normalized'!$D:$D, MATCH($A5, 'KZ-normalized'!$A:$A, 0))-INDEX('KZ-normalized'!$E:$E, MATCH($A5, 'KZ-normalized'!$A:$A, 0))>0, -(5*INDEX('KZ-normalized'!$D:$D, MATCH($A5, 'KZ-normalized'!$A:$A, 0))-INDEX('KZ-normalized'!$E:$E, MATCH($A5, 'KZ-normalized'!$A:$A, 0))), 0), 0))+(IFERROR(IF(5*INDEX('UZ-normalized'!$D:$D, MATCH($A5, 'UZ-normalized'!$A:$A, 0))-INDEX('UZ-normalized'!$E:$E, MATCH($A5, 'UZ-normalized'!$A:$A, 0))>0, -(5*INDEX('UZ-normalized'!$D:$D, MATCH($A5, 'UZ-normalized'!$A:$A, 0))-INDEX('UZ-normalized'!$E:$E, MATCH($A5, 'UZ-normalized'!$A:$A, 0))), 0), 0))) -> -12.5 | T5: =MIN(0, N5+(IFERROR(IF(6*INDEX('UA-normalized'!$D:$D, MATCH($A5, 'UA-normalized'!$A:$A, 0))-INDEX('UA-normalized'!$E:$E, MATCH($A5, 'UA-normalized'!$A:$A, 0))>0, -(6*INDEX('UA-normalized'!$D:$D, MATCH($A5, 'UA-normalized'!$A:$A, 0))-INDEX('UA-normalized'!$E:$E, MATCH($A5, 'UA-normalized'!$A:$A, 0))), 0), 0))+(IFERROR(IF(6*INDEX('KZ-normalized'!$D:$D, MATCH($A5, 'KZ-normalized'!$A:$A, 0))-INDEX('KZ-normalized'!$E:$E, MATCH($A5, 'KZ-normalized'!$A:$A, 0))>0, -(6*INDEX('KZ-normalized'!$D:$D, MATCH($A5, 'KZ-normalized'!$A:$A, 0))-INDEX('KZ-normalized'!$E:$E, MATCH($A5, 'KZ-normalized'!$A:$A, 0))), 0), 0))+(IFERROR(IF(6*INDEX('UZ-normalized'!$D:$D, MATCH($A5, 'UZ-normalized'!$A:$A, 0))-INDEX('UZ-normalized'!$E:$E, MATCH($A5, 'UZ-normalized'!$A:$A, 0))>0, -(6*INDEX('UZ-normalized'!$D:$D, MATCH($A5, 'UZ-normalized'!$A:$A, 0))-INDEX('UZ-normalized'!$E:$E, MATCH($A5, 'UZ-normalized'!$A:$A, 0))), 0), 0))) -> -25 | U5: =MIN(0, N5+(IFERROR(IF(7*INDEX('UA-normalized'!$D:$D, MATCH($A5, 'UA-normalized'!$A:$A, 0))-INDEX('UA-normalized'!$E:$E, MATCH($A5, 'UA-normalized'!$A:$A, 0))>0, -(7*INDEX('UA-normalized'!$D:$D, MATCH($A5, 'UA-normalized'!$A:$A, 0))-INDEX('UA-normalized'!$E:$E, MATCH($A5, 'UA-normalized'!$A:$A, 0))), 0), 0))+(IFERROR(IF(7*INDEX('KZ-normalized'!$D:$D, MATCH($A5, 'KZ-normalized'!$A:$A, 0))-INDEX('KZ-normalized'!$E:$E, MATCH($A5, 'KZ-normalized'!$A:$A, 0))>0, -(7*INDEX('KZ-normalized'!$D:$D, MATCH($A5, 'KZ-normalized'!$A:$A, 0))-INDEX('KZ-normalized'!$E:$E, MATCH($A5, 'KZ-normalized'!$A:$A, 0))), 0), 0))+(IFERROR(IF(7*INDEX('UZ-normalized'!$D:$D, MATCH($A5, 'UZ-normalized'!$A:$A, 0))-INDEX('UZ-normalized'!$E:$E, MATCH($A5, 'UZ-normalized'!$A:$A, 0))>0, -(7*INDEX('UZ-normalized'!$D:$D, MATCH($A5, 'UZ-normalized'!$A:$A, 0))-INDEX('UZ-normalized'!$E:$E, MATCH($A5, 'UZ-normalized'!$A:$A, 0))), 0), 0))) -> -37.5 | V5: =MIN(0, N5+(IFERROR(IF(8*INDEX('UA-normalized'!$D:$D, MATCH($A5, 'UA-normalized'!$A:$A, 0))-INDEX('UA-normalized'!$E:$E, MATCH($A5, 'UA-normalized'!$A:$A, 0))>0, -(8*INDEX('UA-normalized'!$D:$D, MATCH($A5, 'UA-normalized'!$A:$A, 0))-INDEX('UA-normalized'!$E:$E, MATCH($A5, 'UA-normalized'!$A:$A, 0))), 0), 0))+(IFERROR(IF(8*INDEX('KZ-normalized'!$D:$D, MATCH($A5, 'KZ-normalized'!$A:$A, 0))-INDEX('KZ-normalized'!$E:$E, MATCH($A5, 'KZ-normalized'!$A:$A, 0))>0, -(8*INDEX('KZ-normalized'!$D:$D, MATCH($A5, 'KZ-normalized'!$A:$A, 0))-INDEX('KZ-normalized'!$E:$E, MATCH($A5, 'KZ-normalized'!$A:$A, 0))), 0), 0))+(IFERROR(IF(8*INDEX('UZ-normalized'!$D:$D, MATCH($A5, 'UZ-normalized'!$A:$A, 0))-INDEX('UZ-normalized'!$E:$E, MATCH($A5, 'UZ-normalized'!$A:$A, 0))>0, -(8*INDEX('UZ-normalized'!$D:$D, MATCH($A5, 'UZ-normalized'!$A:$A, 0))-INDEX('UZ-normalized'!$E:$E, MATCH($A5, 'UZ-normalized'!$A:$A, 0))), 0), 0))) -> -54.8 | W5: =MIN(0, N5+(IFERROR(IF(9*INDEX('UA-normalized'!$D:$D, MATCH($A5, 'UA-normalized'!$A:$A, 0))-INDEX('UA-normalized'!$E:$E, MATCH($A5, 'UA-normalized'!$A:$A, 0))>0, -(9*INDEX('UA-normalized'!$D:$D, MATCH($A5, 'UA-normalized'!$A:$A, 0))-INDEX('UA-normalized'!$E:$E, MATCH($A5, 'UA-normalized'!$A:$A, 0))), 0), 0))+(IFERROR(IF(9*INDEX('KZ-normalized'!$D:$D, MATCH($A5, 'KZ-normalized'!$A:$A, 0))-INDEX('KZ-normalized'!$E:$E, MATCH($A5, 'KZ-normalized'!$A:$A, 0))>0, -(9*INDEX('KZ-normalized'!$D:$D, MATCH($A5, 'KZ-normalized'!$A:$A, 0))-INDEX('KZ-normalized'!$E:$E, MATCH($A5, 'KZ-normalized'!$A:$A, 0))), 0), 0))+(IFERROR(IF(9*INDEX('UZ-normalized'!$D:$D, MATCH($A5, 'UZ-normalized'!$A:$A, 0))-INDEX('UZ-normalized'!$E:$E, MATCH($A5, 'UZ-normalized'!$A:$A, 0))>0, -(9*INDEX('UZ-normalized'!$D:$D, MATCH($A5, 'UZ-normalized'!$A:$A, 0))-INDEX('UZ-normalized'!$E:$E, MATCH($A5, 'UZ-normalized'!$A:$A, 0))), 0), 0))) -> -73.9 | X5: =MIN(0, N5+(IFERROR(IF(10*INDEX('UA-normalized'!$D:$D, MATCH($A5, 'UA-normalized'!$A:$A, 0))-INDEX('UA-normalized'!$E:$E, MATCH($A5, 'UA-normalized'!$A:$A, 0))>0, -(10*INDEX('UA-normalized'!$D:$D, MATCH($A5, 'UA-normalized'!$A:$A, 0))-INDEX('UA-normalized'!$E:$E, MATCH($A5, 'UA-normalized'!$A:$A, 0))), 0), 0))+(IFERROR(IF(10*INDEX('KZ-normalized'!$D:$D, MATCH($A5, 'KZ-normalized'!$A:$A, 0))-INDEX('KZ-normalized'!$E:$E, MATCH($A5, 'KZ-normalized'!$A:$A, 0))>0, -(10*INDEX('KZ-normalized'!$D:$D, MATCH($A5, 'KZ-normalized'!$A:$A, 0))-INDEX('KZ-normalized'!$E:$E, MATCH($A5, 'KZ-normalized'!$A:$A, 0))), 0), 0))+(IFERROR(IF(10*INDEX('UZ-normalized'!$D:$D, MATCH($A5, 'UZ-normalized'!$A:$A, 0))-INDEX('UZ-normalized'!$E:$E, MATCH($A5, 'UZ-normalized'!$A:$A, 0))>0, -(10*INDEX('UZ-normalized'!$D:$D, MATCH($A5, 'UZ-normalized'!$A:$A, 0))-INDEX('UZ-normalized'!$E:$E, MATCH($A5, 'UZ-normalized'!$A:$A, 0))), 0), 0))) -> -93 | Y5: =MIN(0, N5+(IFERROR(IF(11*INDEX('UA-normalized'!$D:$D, MATCH($A5, 'UA-normalized'!$A:$A, 0))-INDEX('UA-normalized'!$E:$E, MATCH($A5, 'UA-normalized'!$A:$A, 0))>0, -(11*INDEX('UA-normalized'!$D:$D, MATCH($A5, 'UA-normalized'!$A:$A, 0))-INDEX('UA-normalized'!$E:$E, MATCH($A5, 'UA-normalized'!$A:$A, 0))), 0), 0))+(IFERROR(IF(11*INDEX('KZ-normalized'!$D:$D, MATCH($A5, 'KZ-normalized'!$A:$A, 0))-INDEX('KZ-normalized'!$E:$E, MATCH($A5, 'KZ-normalized'!$A:$A, 0))>0, -(11*INDEX('KZ-normalized'!$D:$D, MATCH($A5, 'KZ-normalized'!$A:$A, 0))-INDEX('KZ-normalized'!$E:$E, MATCH($A5, 'KZ-normalized'!$A:$A, 0))), 0), 0))+(IFERROR(IF(11*INDEX('UZ-normalized'!$D:$D, MATCH($A5, 'UZ-normalized'!$A:$A, 0))-INDEX('UZ-normalized'!$E:$E, MATCH($A5, 'UZ-normalized'!$A:$A, 0))>0, -(11*INDEX('UZ-normalized'!$D:$D, MATCH($A5, 'UZ-normalized'!$A:$A, 0))-INDEX('UZ-normalized'!$E:$E, MATCH($A5, 'UZ-normalized'!$A:$A, 0))), 0), 0))) -> -112.1 | Z5: =MIN(0, N5+(IFERROR(IF(12*INDEX('UA-normalized'!$D:$D, MATCH($A5, 'UA-normalized'!$A:$A, 0))-INDEX('UA-normalized'!$E:$E, MATCH($A5, 'UA-normalized'!$A:$A, 0))>0, -(12*INDEX('UA-normalized'!$D:$D, MATCH($A5, 'UA-normalized'!$A:$A, 0))-INDEX('UA-normalized'!$E:$E, MATCH($A5, 'UA-normalized'!$A:$A, 0))), 0), 0))+(IFERROR(IF(12*INDEX('KZ-normalized'!$D:$D, MATCH($A5, 'KZ-normalized'!$A:$A, 0))-INDEX('KZ-normalized'!$E:$E, MATCH($A5, 'KZ-normalized'!$A:$A, 0))>0, -(12*INDEX('KZ-normalized'!$D:$D, MATCH($A5, 'KZ-normalized'!$A:$A, 0))-INDEX('KZ-normalized'!$E:$E, MATCH($A5, 'KZ-normalized'!$A:$A, 0))), 0), 0))+(IFERROR(IF(12*INDEX('UZ-normalized'!$D:$D, MATCH($A5, 'UZ-normalized'!$A:$A, 0))-INDEX('UZ-normalized'!$E:$E, MATCH($A5, 'UZ-normalized'!$A:$A, 0))>0, -(12*INDEX('UZ-normalized'!$D:$D, MATCH($A5, 'UZ-normalized'!$A:$A, 0))-INDEX('UZ-normalized'!$E:$E, MATCH($A5, 'UZ-normalized'!$A:$A, 0))), 0), 0))) -> -131.2 | AA5: =MIN(0, N5+(IFERROR(IF(13*INDEX('UA-normalized'!$D:$D, MATCH($A5, 'UA-normalized'!$A:$A, 0))-INDEX('UA-normalized'!$E:$E, MATCH($A5, 'UA-normalized'!$A:$A, 0))>0, -(13*INDEX('UA-normalized'!$D:$D, MATCH($A5, 'UA-normalized'!$A:$A, 0))-INDEX('UA-normalized'!$E:$E, MATCH($A5, 'UA-normalized'!$A:$A, 0))), 0), 0))+(IFERROR(IF(13*INDEX('KZ-normalized'!$D:$D, MATCH($A5, 'KZ-normalized'!$A:$A, 0))-INDEX('KZ-normalized'!$E:$E, MATCH($A5, 'KZ-normalized'!$A:$A, 0))>0, -(13*INDEX('KZ-normalized'!$D:$D, MATCH($A5, 'KZ-normalized'!$A:$A, 0))-INDEX('KZ-normalized'!$E:$E, MATCH($A5, 'KZ-normalized'!$A:$A, 0))), 0), 0))+(IFERROR(IF(13*INDEX('UZ-normalized'!$D:$D, MATCH($A5, 'UZ-normalized'!$A:$A, 0))-INDEX('UZ-normalized'!$E:$E, MATCH($A5, 'UZ-normalized'!$A:$A, 0))>0, -(13*INDEX('UZ-normalized'!$D:$D, MATCH($A5, 'UZ-normalized'!$A:$A, 0))-INDEX('UZ-normalized'!$E:$E, MATCH($A5, 'UZ-normalized'!$A:$A, 0))), 0), 0))) -> -150.3 | AB5: =MIN(0, N5+(IFERROR(IF(14*INDEX('UA-normalized'!$D:$D, MATCH($A5, 'UA-normalized'!$A:$A, 0))-INDEX('UA-normalized'!$E:$E, MATCH($A5, 'UA-normalized'!$A:$A, 0))>0, -(14*INDEX('UA-normalized'!$D:$D, MATCH($A5, 'UA-normalized'!$A:$A, 0))-INDEX('UA-normalized'!$E:$E, MATCH($A5, 'UA-normalized'!$A:$A, 0))), 0), 0))+(IFERROR(IF(14*INDEX('KZ-normalized'!$D:$D, MATCH($A5, 'KZ-normalized'!$A:$A, 0))-INDEX('KZ-normalized'!$E:$E, MATCH($A5, 'KZ-normalized'!$A:$A, 0))>0, -(14*INDEX('KZ-normalized'!$D:$D, MATCH($A5, 'KZ-normalized'!$A:$A, 0))-INDEX('KZ-normalized'!$E:$E, MATCH($A5, 'KZ-normalized'!$A:$A, 0))), 0), 0))+(IFERROR(IF(14*INDEX('UZ-normalized'!$D:$D, MATCH($A5, 'UZ-normalized'!$A:$A, 0))-INDEX('UZ-normalized'!$E:$E, MATCH($A5, 'UZ-normalized'!$A:$A, 0))>0, -(14*INDEX('UZ-normalized'!$D:$D, MATCH($A5, 'UZ-normalized'!$A:$A, 0))-INDEX('UZ-normalized'!$E:$E, MATCH($A5, 'UZ-normalized'!$A:$A, 0))), 0), 0))) -> -169.4 | AC5: =MIN(0, N5+(IFERROR(IF(15*INDEX('UA-normalized'!$D:$D, MATCH($A5, 'UA-normalized'!$A:$A, 0))-INDEX('UA-normalized'!$E:$E, MATCH($A5, 'UA-normalized'!$A:$A, 0))>0, -(15*INDEX('UA-normalized'!$D:$D, MATCH($A5, 'UA-normalized'!$A:$A, 0))-INDEX('UA-normalized'!$E:$E, MATCH($A5, 'UA-normalized'!$A:$A, 0))), 0), 0))+(IFERROR(IF(15*INDEX('KZ-normalized'!$D:$D, MATCH($A5, 'KZ-normalized'!$A:$A, 0))-INDEX('KZ-normalized'!$E:$E, MATCH($A5, 'KZ-normalized'!$A:$A, 0))>0, -(15*INDEX('KZ-normalized'!$D:$D, MATCH($A5, 'KZ-normalized'!$A:$A, 0))-INDEX('KZ-normalized'!$E:$E, MATCH($A5, 'KZ-normalized'!$A:$A, 0))), 0), 0))+(IFERROR(IF(15*INDEX('UZ-normalized'!$D:$D, MATCH($A5, 'UZ-normalized'!$A:$A, 0))-INDEX('UZ-normalized'!$E:$E, MATCH($A5, 'UZ-normalized'!$A:$A, 0))>0, -(15*INDEX('UZ-normalized'!$D:$D, MATCH($A5, 'UZ-normalized'!$A:$A, 0))-INDEX('UZ-normalized'!$E:$E, MATCH($A5, 'UZ-normalized'!$A:$A, 0))), 0), 0))) -> -188.5 | AD5: =MIN(0, N5+(IFERROR(IF(16*INDEX('UA-normalized'!$D:$D, MATCH($A5, 'UA-normalized'!$A:$A, 0))-INDEX('UA-normalized'!$E:$E, MATCH($A5, 'UA-normalized'!$A:$A, 0))>0, -(16*INDEX('UA-normalized'!$D:$D, MATCH($A5, 'UA-normalized'!$A:$A, 0))-INDEX('UA-normalized'!$E:$E, MATCH($A5, 'UA-normalized'!$A:$A, 0))), 0), 0))+(IFERROR(IF(16*INDEX('KZ-normalized'!$D:$D, MATCH($A5, 'KZ-normalized'!$A:$A, 0))-INDEX('KZ-normalized'!$E:$E, MATCH($A5, 'KZ-normalized'!$A:$A, 0))>0, -(16*INDEX('KZ-normalized'!$D:$D, MATCH($A5, 'KZ-normalized'!$A:$A, 0))-INDEX('KZ-normalized'!$E:$E, MATCH($A5, 'KZ-normalized'!$A:$A, 0))), 0), 0))+(IFERROR(IF(16*INDEX('UZ-normalized'!$D:$D, MATCH($A5, 'UZ-normalized'!$A:$A, 0))-INDEX('UZ-normalized'!$E:$E, MATCH($A5, 'UZ-normalized'!$A:$A, 0))>0, -(16*INDEX('UZ-normalized'!$D:$D, MATCH($A5, 'UZ-normalized'!$A:$A, 0))-INDEX('UZ-normalized'!$E:$E, MATCH($A5, 'UZ-normalized'!$A:$A, 0))), 0), 0))) -> -207.6 | AE5: =MIN(0, N5+(IFERROR(IF(17*INDEX('UA-normalized'!$D:$D, MATCH($A5, 'UA-normalized'!$A:$A, 0))-INDEX('UA-normalized'!$E:$E, MATCH($A5, 'UA-normalized'!$A:$A, 0))>0, -(17*INDEX('UA-normalized'!$D:$D, MATCH($A5, 'UA-normalized'!$A:$A, 0))-INDEX('UA-normalized'!$E:$E, MATCH($A5, 'UA-normalized'!$A:$A, 0))), 0), 0))+(IFERROR(IF(17*INDEX('KZ-normalized'!$D:$D, MATCH($A5, 'KZ-normalized'!$A:$A, 0))-INDEX('KZ-normalized'!$E:$E, MATCH($A5, 'KZ-normalized'!$A:$A, 0))>0, -(17*INDEX('KZ-normalized'!$D:$D, MATCH($A5, 'KZ-normalized'!$A:$A, 0))-INDEX('KZ-normalized'!$E:$E, MATCH($A5, 'KZ-normalized'!$A:$A, 0))), 0), 0))+(IFERROR(IF(17*INDEX('UZ-normalized'!$D:$D, MATCH($A5, 'UZ-normalized'!$A:$A, 0))-INDEX('UZ-normalized'!$E:$E, MATCH($A5, 'UZ-normalized'!$A:$A, 0))>0, -(17*INDEX('UZ-normalized'!$D:$D, MATCH($A5, 'UZ-normalized'!$A:$A, 0))-INDEX('UZ-normalized'!$E:$E, MATCH($A5, 'UZ-normalized'!$A:$A, 0))), 0), 0))) -> -226.7 | AF5: =MIN(0, N5+(IFERROR(IF(18*INDEX('UA-normalized'!$D:$D, MATCH($A5, 'UA-normalized'!$A:$A, 0))-INDEX('UA-normalized'!$E:$E, MATCH($A5, 'UA-normalized'!$A:$A, 0))>0, -(18*INDEX('UA-normalized'!$D:$D, MATCH($A5, 'UA-normalized'!$A:$A, 0))-INDEX('UA-normalized'!$E:$E, MATCH($A5, 'UA-normalized'!$A:$A, 0))), 0), 0))+(IFERROR(IF(18*INDEX('KZ-normalized'!$D:$D, MATCH($A5, 'KZ-normalized'!$A:$A, 0))-INDEX('KZ-normalized'!$E:$E, MATCH($A5, 'KZ-normalized'!$A:$A, 0))>0, -(18*INDEX('KZ-normalized'!$D:$D, MATCH($A5, 'KZ-normalized'!$A:$A, 0))-INDEX('KZ-normalized'!$E:$E, MATCH($A5, 'KZ-normalized'!$A:$A, 0))), 0), 0))+(IFERROR(IF(18*INDEX('UZ-normalized'!$D:$D, MATCH($A5, 'UZ-normalized'!$A:$A, 0))-INDEX('UZ-normalized'!$E:$E, MATCH($A5, 'UZ-normalized'!$A:$A, 0))>0, -(18*INDEX('UZ-normalized'!$D:$D, MATCH($A5, 'UZ-normalized'!$A:$A, 0))-INDEX('UZ-normalized'!$E:$E, MATCH($A5, 'UZ-normalized'!$A:$A, 0))), 0), 0))) -> -245.8 | AG5: =MIN(0, N5+(IFERROR(IF(19*INDEX('UA-normalized'!$D:$D, MATCH($A5, 'UA-normalized'!$A:$A, 0))-INDEX('UA-normalized'!$E:$E, MATCH($A5, 'UA-normalized'!$A:$A, 0))>0, -(19*INDEX('UA-normalized'!$D:$D, MATCH($A5, 'UA-normalized'!$A:$A, 0))-INDEX('UA-normalized'!$E:$E, MATCH($A5, 'UA-normalized'!$A:$A, 0))), 0), 0))+(IFERROR(IF(19*INDEX('KZ-normalized'!$D:$D, MATCH($A5, 'KZ-normalized'!$A:$A, 0))-INDEX('KZ-normalized'!$E:$E, MATCH($A5, 'KZ-normalized'!$A:$A, 0))>0, -(19*INDEX('KZ-normalized'!$D:$D, MATCH($A5, 'KZ-normalized'!$A:$A, 0))-INDEX('KZ-normalized'!$E:$E, MATCH($A5, 'KZ-normalized'!$A:$A, 0))), 0), 0))+(IFERROR(IF(19*INDEX('UZ-normalized'!$D:$D, MATCH($A5, 'UZ-normalized'!$A:$A, 0))-INDEX('UZ-normalized'!$E:$E, MATCH($A5, 'UZ-normalized'!$A:$A, 0))>0, -(19*INDEX('UZ-normalized'!$D:$D, MATCH($A5, 'UZ-normalized'!$A:$A, 0))-INDEX('UZ-normalized'!$E:$E, MATCH($A5, 'UZ-normalized'!$A:$A, 0))), 0), 0))) -> -264.9 | AH5: =MIN(0, N5+(IFERROR(IF(20*INDEX('UA-normalized'!$D:$D, MATCH($A5, 'UA-normalized'!$A:$A, 0))-INDEX('UA-normalized'!$E:$E, MATCH($A5, 'UA-normalized'!$A:$A, 0))>0, -(20*INDEX('UA-normalized'!$D:$D, MATCH($A5, 'UA-normalized'!$A:$A, 0))-INDEX('UA-normalized'!$E:$E, MATCH($A5, 'UA-normalized'!$A:$A, 0))), 0), 0))+(IFERROR(IF(20*INDEX('KZ-normalized'!$D:$D, MATCH($A5, 'KZ-normalized'!$A:$A, 0))-INDEX('KZ-normalized'!$E:$E, MATCH($A5, 'KZ-normalized'!$A:$A, 0))>0, -(20*INDEX('KZ-normalized'!$D:$D, MATCH($A5, 'KZ-normalized'!$A:$A, 0))-INDEX('KZ-normalized'!$E:$E, MATCH($A5, 'KZ-normalized'!$A:$A, 0))), 0), 0))+(IFERROR(IF(20*INDEX('UZ-normalized'!$D:$D, MATCH($A5, 'UZ-normalized'!$A:$A, 0))-INDEX('UZ-normalized'!$E:$E, MATCH($A5, 'UZ-normalized'!$A:$A, 0))>0, -(20*INDEX('UZ-normalized'!$D:$D, MATCH($A5, 'UZ-normalized'!$A:$A, 0))-INDEX('UZ-normalized'!$E:$E, MATCH($A5, 'UZ-normalized'!$A:$A, 0))), 0), 0))) -> -284 | AI5: =MIN(0, N5+(IFERROR(IF(21*INDEX('UA-normalized'!$D:$D, MATCH($A5, 'UA-normalized'!$A:$A, 0))-INDEX('UA-normalized'!$E:$E, MATCH($A5, 'UA-normalized'!$A:$A, 0))>0, -(21*INDEX('UA-normalized'!$D:$D, MATCH($A5, 'UA-normalized'!$A:$A, 0))-INDEX('UA-normalized'!$E:$E, MATCH($A5, 'UA-normalized'!$A:$A, 0))), 0), 0))+(IFERROR(IF(21*INDEX('KZ-normalized'!$D:$D, MATCH($A5, 'KZ-normalized'!$A:$A, 0))-INDEX('KZ-normalized'!$E:$E, MATCH($A5, 'KZ-normalized'!$A:$A, 0))>0, -(21*INDEX('KZ-normalized'!$D:$D, MATCH($A5, 'KZ-normalized'!$A:$A, 0))-INDEX('KZ-normalized'!$E:$E, MATCH($A5, 'KZ-normalized'!$A:$A, 0))), 0), 0))+(IFERROR(IF(21*INDEX('UZ-normalized'!$D:$D, MATCH($A5, 'UZ-normalized'!$A:$A, 0))-INDEX('UZ-normalized'!$E:$E, MATCH($A5, 'UZ-normalized'!$A:$A, 0))>0, -(21*INDEX('UZ-normalized'!$D:$D, MATCH($A5, 'UZ-normalized'!$A:$A, 0))-INDEX('UZ-normalized'!$E:$E, MATCH($A5, 'UZ-normalized'!$A:$A, 0))), 0), 0))) -> -303.1 | AJ5: =MIN(0, N5+(IFERROR(IF(22*INDEX('UA-normalized'!$D:$D, MATCH($A5, 'UA-normalized'!$A:$A, 0))-INDEX('UA-normalized'!$E:$E, MATCH($A5, 'UA-normalized'!$A:$A, 0))>0, -(22*INDEX('UA-normalized'!$D:$D, MATCH($A5, 'UA-normalized'!$A:$A, 0))-INDEX('UA-normalized'!$E:$E, MATCH($A5, 'UA-normalized'!$A:$A, 0))), 0), 0))+(IFERROR(IF(22*INDEX('KZ-normalized'!$D:$D, MATCH($A5, 'KZ-normalized'!$A:$A, 0))-INDEX('KZ-normalized'!$E:$E, MATCH($A5, 'KZ-normalized'!$A:$A, 0))>0, -(22*INDEX('KZ-normalized'!$D:$D, MATCH($A5, 'KZ-normalized'!$A:$A, 0))-INDEX('KZ-normalized'!$E:$E, MATCH($A5, 'KZ-normalized'!$A:$A, 0))), 0), 0))+(IFERROR(IF(22*INDEX('UZ-normalized'!$D:$D, MATCH($A5, 'UZ-normalized'!$A:$A, 0))-INDEX('UZ-normalized'!$E:$E, MATCH($A5, 'UZ-normalized'!$A:$A, 0))>0, -(22*INDEX('UZ-normalized'!$D:$D, MATCH($A5, 'UZ-normalized'!$A:$A, 0))-INDEX('UZ-normalized'!$E:$E, MATCH($A5, 'UZ-normalized'!$A:$A, 0))), 0), 0))) -> -322.2 | AK5: =MIN(0, N5+(IFERROR(IF(23*INDEX('UA-normalized'!$D:$D, MATCH($A5, 'UA-normalized'!$A:$A, 0))-INDEX('UA-normalized'!$E:$E, MATCH($A5, 'UA-normalized'!$A:$A, 0))>0, -(23*INDEX('UA-normalized'!$D:$D, MATCH($A5, 'UA-normalized'!$A:$A, 0))-INDEX('UA-normalized'!$E:$E, MATCH($A5, 'UA-normalized'!$A:$A, 0))), 0), 0))+(IFERROR(IF(23*INDEX('KZ-normalized'!$D:$D, MATCH($A5, 'KZ-normalized'!$A:$A, 0))-INDEX('KZ-normalized'!$E:$E, MATCH($A5, 'KZ-normalized'!$A:$A, 0))>0, -(23*INDEX('KZ-normalized'!$D:$D, MATCH($A5, 'KZ-normalized'!$A:$A, 0))-INDEX('KZ-normalized'!$E:$E, MATCH($A5, 'KZ-normalized'!$A:$A, 0))), 0), 0))+(IFERROR(IF(23*INDEX('UZ-normalized'!$D:$D, MATCH($A5, 'UZ-normalized'!$A:$A, 0))-INDEX('UZ-normalized'!$E:$E, MATCH($A5, 'UZ-normalized'!$A:$A, 0))>0, -(23*INDEX('UZ-normalized'!$D:$D, MATCH($A5, 'UZ-normalized'!$A:$A, 0))-INDEX('UZ-normalized'!$E:$E, MATCH($A5, 'UZ-normalized'!$A:$A, 0))), 0), 0))) -> -341.3 | AL5: =MIN(0, N5+(IFERROR(IF(24*INDEX('UA-normalized'!$D:$D, MATCH($A5, 'UA-normalized'!$A:$A, 0))-INDEX('UA-normalized'!$E:$E, MATCH($A5, 'UA-normalized'!$A:$A, 0))>0, -(24*INDEX('UA-normalized'!$D:$D, MATCH($A5, 'UA-normalized'!$A:$A, 0))-INDEX('UA-normalized'!$E:$E, MATCH($A5, 'UA-normalized'!$A:$A, 0))), 0), 0))+(IFERROR(IF(24*INDEX('KZ-normalized'!$D:$D, MATCH($A5, 'KZ-normalized'!$A:$A, 0))-INDEX('KZ-normalized'!$E:$E, MATCH($A5, 'KZ-normalized'!$A:$A, 0))>0, -(24*INDEX('KZ-normalized'!$D:$D, MATCH($A5, 'KZ-normalized'!$A:$A, 0))-INDEX('KZ-normalized'!$E:$E, MATCH($A5, 'KZ-normalized'!$A:$A, 0))), 0), 0))+(IFERROR(IF(24*INDEX('UZ-normalized'!$D:$D, MATCH($A5, 'UZ-normalized'!$A:$A, 0))-INDEX('UZ-normalized'!$E:$E, MATCH($A5, 'UZ-normalized'!$A:$A, 0))>0, -(24*INDEX('UZ-normalized'!$D:$D, MATCH($A5, 'UZ-normalized'!$A:$A, 0))-INDEX('UZ-normalized'!$E:$E, MATCH($A5, 'UZ-normalized'!$A:$A, 0))), 0), 0))) -> -360.4 | AM5: =MIN(0, N5+(IFERROR(IF(25*INDEX('UA-normalized'!$D:$D, MATCH($A5, 'UA-normalized'!$A:$A, 0))-INDEX('UA-normalized'!$E:$E, MATCH($A5, 'UA-normalized'!$A:$A, 0))>0, -(25*INDEX('UA-normalized'!$D:$D, MATCH($A5, 'UA-normalized'!$A:$A, 0))-INDEX('UA-normalized'!$E:$E, MATCH($A5, 'UA-normalized'!$A:$A, 0))), 0), 0))+(IFERROR(IF(25*INDEX('KZ-normalized'!$D:$D, MATCH($A5, 'KZ-normalized'!$A:$A, 0))-INDEX('KZ-normalized'!$E:$E, MATCH($A5, 'KZ-normalized'!$A:$A, 0))>0, -(25*INDEX('KZ-normalized'!$D:$D, MATCH($A5, 'KZ-normalized'!$A:$A, 0))-INDEX('KZ-normalized'!$E:$E, MATCH($A5, 'KZ-normalized'!$A:$A, 0))), 0), 0))+(IFERROR(IF(25*INDEX('UZ-normalized'!$D:$D, MATCH($A5, 'UZ-normalized'!$A:$A, 0))-INDEX('UZ-normalized'!$E:$E, MATCH($A5, 'UZ-normalized'!$A:$A, 0))>0, -(25*INDEX('UZ-normalized'!$D:$D, MATCH($A5, 'UZ-normalized'!$A:$A, 0))-INDEX('UZ-normalized'!$E:$E, MATCH($A5, 'UZ-normalized'!$A:$A, 0))), 0), 0))) -> -379.5 | AN5: =MIN(0, N5+(IFERROR(IF(26*INDEX('UA-normalized'!$D:$D, MATCH($A5, 'UA-normalized'!$A:$A, 0))-INDEX('UA-normalized'!$E:$E, MATCH($A5, 'UA-normalized'!$A:$A, 0))>0, -(26*INDEX('UA-normalized'!$D:$D, MATCH($A5, 'UA-normalized'!$A:$A, 0))-INDEX('UA-normalized'!$E:$E, MATCH($A5, 'UA-normalized'!$A:$A, 0))), 0), 0))+(IFERROR(IF(26*INDEX('KZ-normalized'!$D:$D, MATCH($A5, 'KZ-normalized'!$A:$A, 0))-INDEX('KZ-normalized'!$E:$E, MATCH($A5, 'KZ-normalized'!$A:$A, 0))>0, -(26*INDEX('KZ-normalized'!$D:$D, MATCH($A5, 'KZ-normalized'!$A:$A, 0))-INDEX('KZ-normalized'!$E:$E, MATCH($A5, 'KZ-normalized'!$A:$A, 0))), 0), 0))+(IFERROR(IF(26*INDEX('UZ-normalized'!$D:$D, MATCH($A5, 'UZ-normalized'!$A:$A, 0))-INDEX('UZ-normalized'!$E:$E, MATCH($A5, 'UZ-normalized'!$A:$A, 0))>0, -(26*INDEX('UZ-normalized'!$D:$D, MATCH($A5, 'UZ-normalized'!$A:$A, 0))-INDEX('UZ-normalized'!$E:$E, MATCH($A5, 'UZ-normalized'!$A:$A, 0))), 0), 0))) -> -398.6 | AO5: =MIN(0, N5+(IFERROR(IF(27*INDEX('UA-normalized'!$D:$D, MATCH($A5, 'UA-normalized'!$A:$A, 0))-INDEX('UA-normalized'!$E:$E, MATCH($A5, 'UA-normalized'!$A:$A, 0))>0, -(27*INDEX('UA-normalized'!$D:$D, MATCH($A5, 'UA-normalized'!$A:$A, 0))-INDEX('UA-normalized'!$E:$E, MATCH($A5, 'UA-normalized'!$A:$A, 0))), 0), 0))+(IFERROR(IF(27*INDEX('KZ-normalized'!$D:$D, MATCH($A5, 'KZ-normalized'!$A:$A, 0))-INDEX('KZ-normalized'!$E:$E, MATCH($A5, 'KZ-normalized'!$A:$A, 0))>0, -(27*INDEX('KZ-normalized'!$D:$D, MATCH($A5, 'KZ-normalized'!$A:$A, 0))-INDEX('KZ-normalized'!$E:$E, MATCH($A5, 'KZ-normalized'!$A:$A, 0))), 0), 0))+(IFERROR(IF(27*INDEX('UZ-normalized'!$D:$D, MATCH($A5, 'UZ-normalized'!$A:$A, 0))-INDEX('UZ-normalized'!$E:$E, MATCH($A5, 'UZ-normalized'!$A:$A, 0))>0, -(27*INDEX('UZ-normalized'!$D:$D, MATCH($A5, 'UZ-normalized'!$A:$A, 0))-INDEX('UZ-normalized'!$E:$E, MATCH($A5, 'UZ-normalized'!$A:$A, 0))), 0), 0))) -> -417.7 | AP5: =MIN(0, N5+(IFERROR(IF(28*INDEX('UA-normalized'!$D:$D, MATCH($A5, 'UA-normalized'!$A:$A, 0))-INDEX('UA-normalized'!$E:$E, MATCH($A5, 'UA-normalized'!$A:$A, 0))>0, -(28*INDEX('UA-normalized'!$D:$D, MATCH($A5, 'UA-normalized'!$A:$A, 0))-INDEX('UA-normalized'!$E:$E, MATCH($A5, 'UA-normalized'!$A:$A, 0))), 0), 0))+(IFERROR(IF(28*INDEX('KZ-normalized'!$D:$D, MATCH($A5, 'KZ-normalized'!$A:$A, 0))-INDEX('KZ-normalized'!$E:$E, MATCH($A5, 'KZ-normalized'!$A:$A, 0))>0, -(28*INDEX('KZ-normalized'!$D:$D, MATCH($A5, 'KZ-normalized'!$A:$A, 0))-INDEX('KZ-normalized'!$E:$E, MATCH($A5, 'KZ-normalized'!$A:$A, 0))), 0), 0))+(IFERROR(IF(28*INDEX('UZ-normalized'!$D:$D, MATCH($A5, 'UZ-normalized'!$A:$A, 0))-INDEX('UZ-normalized'!$E:$E, MATCH($A5, 'UZ-normalized'!$A:$A, 0))>0, -(28*INDEX('UZ-normalized'!$D:$D, MATCH($A5, 'UZ-normalized'!$A:$A, 0))-INDEX('UZ-normalized'!$E:$E, MATCH($A5, 'UZ-normalized'!$A:$A, 0))), 0), 0))) -> -436.8 | AQ5: =MIN(0, N5+(IFERROR(IF(29*INDEX('UA-normalized'!$D:$D, MATCH($A5, 'UA-normalized'!$A:$A, 0))-INDEX('UA-normalized'!$E:$E, MATCH($A5, 'UA-normalized'!$A:$A, 0))>0, -(29*INDEX('UA-normalized'!$D:$D, MATCH($A5, 'UA-normalized'!$A:$A, 0))-INDEX('UA-normalized'!$E:$E, MATCH($A5, 'UA-normalized'!$A:$A, 0))), 0), 0))+(IFERROR(IF(29*INDEX('KZ-normalized'!$D:$D, MATCH($A5, 'KZ-normalized'!$A:$A, 0))-INDEX('KZ-normalized'!$E:$E, MATCH($A5, 'KZ-normalized'!$A:$A, 0))>0, -(29*INDEX('KZ-normalized'!$D:$D, MATCH($A5, 'KZ-normalized'!$A:$A, 0))-INDEX('KZ-normalized'!$E:$E, MATCH($A5, 'KZ-normalized'!$A:$A, 0))), 0), 0))+(IFERROR(IF(29*INDEX('UZ-normalized'!$D:$D, MATCH($A5, 'UZ-normalized'!$A:$A, 0))-INDEX('UZ-normalized'!$E:$E, MATCH($A5, 'UZ-normalized'!$A:$A, 0))>0, -(29*INDEX('UZ-normalized'!$D:$D, MATCH($A5, 'UZ-normalized'!$A:$A, 0))-INDEX('UZ-normalized'!$E:$E, MATCH($A5, 'UZ-normalized'!$A:$A, 0))), 0), 0))) -> -455.9 | AR5: =MIN(0, N5+(IFERROR(IF(30*INDEX('UA-normalized'!$D:$D, MATCH($A5, 'UA-normalized'!$A:$A, 0))-INDEX('UA-normalized'!$E:$E, MATCH($A5, 'UA-normalized'!$A:$A, 0))>0, -(30*INDEX('UA-normalized'!$D:$D, MATCH($A5, 'UA-normalized'!$A:$A, 0))-INDEX('UA-normalized'!$E:$E, MATCH($A5, 'UA-normalized'!$A:$A, 0))), 0), 0))+(IFERROR(IF(30*INDEX('KZ-normalized'!$D:$D, MATCH($A5, 'KZ-normalized'!$A:$A, 0))-INDEX('KZ-normalized'!$E:$E, MATCH($A5, 'KZ-normalized'!$A:$A, 0))>0, -(30*INDEX('KZ-normalized'!$D:$D, MATCH($A5, 'KZ-normalized'!$A:$A, 0))-INDEX('KZ-normalized'!$E:$E, MATCH($A5, 'KZ-normalized'!$A:$A, 0))), 0), 0))+(IFERROR(IF(30*INDEX('UZ-normalized'!$D:$D, MATCH($A5, 'UZ-normalized'!$A:$A, 0))-INDEX('UZ-normalized'!$E:$E, MATCH($A5, 'UZ-normalized'!$A:$A, 0))>0, -(30*INDEX('UZ-normalized'!$D:$D, MATCH($A5, 'UZ-normalized'!$A:$A, 0))-INDEX('UZ-normalized'!$E:$E, MATCH($A5, 'UZ-normalized'!$A:$A, 0))), 0), 0))) -> -475
A6: PR-CHE-49-1590-025-SET | B6: CHE | C6: 1590 | D6: 19-1590-025 | N6: =SUM(E6:M6) -> 0 | O6: =MIN(0, N6+(IFERROR(IF(1*INDEX('UA-normalized'!$D:$D, MATCH($A6, 'UA-normalized'!$A:$A, 0))-INDEX('UA-normalized'!$E:$E, MATCH($A6, 'UA-normalized'!$A:$A, 0))>0, -(1*INDEX('UA-normalized'!$D:$D, MATCH($A6, 'UA-normalized'!$A:$A, 0))-INDEX('UA-normalized'!$E:$E, MATCH($A6, 'UA-normalized'!$A:$A, 0))), 0), 0))+(IFERROR(IF(1*INDEX('KZ-normalized'!$D:$D, MATCH($A6, 'KZ-normalized'!$A:$A, 0))-INDEX('KZ-normalized'!$E:$E, MATCH($A6, 'KZ-normalized'!$A:$A, 0))>0, -(1*INDEX('KZ-normalized'!$D:$D, MATCH($A6, 'KZ-normalized'!$A:$A, 0))-INDEX('KZ-normalized'!$E:$E, MATCH($A6, 'KZ-normalized'!$A:$A, 0))), 0), 0))+(IFERROR(IF(1*INDEX('UZ-normalized'!$D:$D, MATCH($A6, 'UZ-normalized'!$A:$A, 0))-INDEX('UZ-normalized'!$E:$E, MATCH($A6, 'UZ-normalized'!$A:$A, 0))>0, -(1*INDEX('UZ-normalized'!$D:$D, MATCH($A6, 'UZ-normalized'!$A:$A, 0))-INDEX('UZ-normalized'!$E:$E, MATCH($A6, 'UZ-normalized'!$A:$A, 0))), 0), 0))) -> 0 | P6: =MIN(0, N6+(IFERROR(IF(2*INDEX('UA-normalized'!$D:$D, MATCH($A6, 'UA-normalized'!$A:$A, 0))-INDEX('UA-normalized'!$E:$E, MATCH($A6, 'UA-normalized'!$A:$A, 0))>0, -(2*INDEX('UA-normalized'!$D:$D, MATCH($A6, 'UA-normalized'!$A:$A, 0))-INDEX('UA-normalized'!$E:$E, MATCH($A6, 'UA-normalized'!$A:$A, 0))), 0), 0))+(IFERROR(IF(2*INDEX('KZ-normalized'!$D:$D, MATCH($A6, 'KZ-normalized'!$A:$A, 0))-INDEX('KZ-normalized'!$E:$E, MATCH($A6, 'KZ-normalized'!$A:$A, 0))>0, -(2*INDEX('KZ-normalized'!$D:$D, MATCH($A6, 'KZ-normalized'!$A:$A, 0))-INDEX('KZ-normalized'!$E:$E, MATCH($A6, 'KZ-normalized'!$A:$A, 0))), 0), 0))+(IFERROR(IF(2*INDEX('UZ-normalized'!$D:$D, MATCH($A6, 'UZ-normalized'!$A:$A, 0))-INDEX('UZ-normalized'!$E:$E, MATCH($A6, 'UZ-normalized'!$A:$A, 0))>0, -(2*INDEX('UZ-normalized'!$D:$D, MATCH($A6, 'UZ-normalized'!$A:$A, 0))-INDEX('UZ-normalized'!$E:$E, MATCH($A6, 'UZ-normalized'!$A:$A, 0))), 0), 0))) -> 0 | Q6: =MIN(0, N6+(IFERROR(IF(3*INDEX('UA-normalized'!$D:$D, MATCH($A6, 'UA-normalized'!$A:$A, 0))-INDEX('UA-normalized'!$E:$E, MATCH($A6, 'UA-normalized'!$A:$A, 0))>0, -(3*INDEX('UA-normalized'!$D:$D, MATCH($A6, 'UA-normalized'!$A:$A, 0))-INDEX('UA-normalized'!$E:$E, MATCH($A6, 'UA-normalized'!$A:$A, 0))), 0), 0))+(IFERROR(IF(3*INDEX('KZ-normalized'!$D:$D, MATCH($A6, 'KZ-normalized'!$A:$A, 0))-INDEX('KZ-normalized'!$E:$E, MATCH($A6, 'KZ-normalized'!$A:$A, 0))>0, -(3*INDEX('KZ-normalized'!$D:$D, MATCH($A6, 'KZ-normalized'!$A:$A, 0))-INDEX('KZ-normalized'!$E:$E, MATCH($A6, 'KZ-normalized'!$A:$A, 0))), 0), 0))+(IFERROR(IF(3*INDEX('UZ-normalized'!$D:$D, MATCH($A6, 'UZ-normalized'!$A:$A, 0))-INDEX('UZ-normalized'!$E:$E, MATCH($A6, 'UZ-normalized'!$A:$A, 0))>0, -(3*INDEX('UZ-normalized'!$D:$D, MATCH($A6, 'UZ-normalized'!$A:$A, 0))-INDEX('UZ-normalized'!$E:$E, MATCH($A6, 'UZ-normalized'!$A:$A, 0))), 0), 0))) -> -8 | R6: =MIN(0, N6+(IFERROR(IF(4*INDEX('UA-normalized'!$D:$D, MATCH($A6, 'UA-normalized'!$A:$A, 0))-INDEX('UA-normalized'!$E:$E, MATCH($A6, 'UA-normalized'!$A:$A, 0))>0, -(4*INDEX('UA-normalized'!$D:$D, MATCH($A6, 'UA-normalized'!$A:$A, 0))-INDEX('UA-normalized'!$E:$E, MATCH($A6, 'UA-normalized'!$A:$A, 0))), 0), 0))+(IFERROR(IF(4*INDEX('KZ-normalized'!$D:$D, MATCH($A6, 'KZ-normalized'!$A:$A, 0))-INDEX('KZ-normalized'!$E:$E, MATCH($A6, 'KZ-normalized'!$A:$A, 0))>0, -(4*INDEX('KZ-normalized'!$D:$D, MATCH($A6, 'KZ-normalized'!$A:$A, 0))-INDEX('KZ-normalized'!$E:$E, MATCH($A6, 'KZ-normalized'!$A:$A, 0))), 0), 0))+(IFERROR(IF(4*INDEX('UZ-normalized'!$D:$D, MATCH($A6, 'UZ-normalized'!$A:$A, 0))-INDEX('UZ-normalized'!$E:$E, MATCH($A6, 'UZ-normalized'!$A:$A, 0))>0, -(4*INDEX('UZ-normalized'!$D:$D, MATCH($A6, 'UZ-normalized'!$A:$A, 0))-INDEX('UZ-normalized'!$E:$E, MATCH($A6, 'UZ-normalized'!$A:$A, 0))), 0), 0))) -> -20 | S6: =MIN(0, N6+(IFERROR(IF(5*INDEX('UA-normalized'!$D:$D, MATCH($A6, 'UA-normalized'!$A:$A, 0))-INDEX('UA-normalized'!$E:$E, MATCH($A6, 'UA-normalized'!$A:$A, 0))>0, -(5*INDEX('UA-normalized'!$D:$D, MATCH($A6, 'UA-normalized'!$A:$A, 0))-INDEX('UA-normalized'!$E:$E, MATCH($A6, 'UA-normalized'!$A:$A, 0))), 0), 0))+(IFERROR(IF(5*INDEX('KZ-normalized'!$D:$D, MATCH($A6, 'KZ-normalized'!$A:$A, 0))-INDEX('KZ-normalized'!$E:$E, MATCH($A6, 'KZ-normalized'!$A:$A, 0))>0, -(5*INDEX('KZ-normalized'!$D:$D, MATCH($A6, 'KZ-normalized'!$A:$A, 0))-INDEX('KZ-normalized'!$E:$E, MATCH($A6, 'KZ-normalized'!$A:$A, 0))), 0), 0))+(IFERROR(IF(5*INDEX('UZ-normalized'!$D:$D, MATCH($A6, 'UZ-normalized'!$A:$A, 0))-INDEX('UZ-normalized'!$E:$E, MATCH($A6, 'UZ-normalized'!$A:$A, 0))>0, -(5*INDEX('UZ-normalized'!$D:$D, MATCH($A6, 'UZ-normalized'!$A:$A, 0))-INDEX('UZ-normalized'!$E:$E, MATCH($A6, 'UZ-normalized'!$A:$A, 0))), 0), 0))) -> -33.5 | T6: =MIN(0, N6+(IFERROR(IF(6*INDEX('UA-normalized'!$D:$D, MATCH($A6, 'UA-normalized'!$A:$A, 0))-INDEX('UA-normalized'!$E:$E, MATCH($A6, 'UA-normalized'!$A:$A, 0))>0, -(6*INDEX('UA-normalized'!$D:$D, MATCH($A6, 'UA-normalized'!$A:$A, 0))-INDEX('UA-normalized'!$E:$E, MATCH($A6, 'UA-normalized'!$A:$A, 0))), 0), 0))+(IFERROR(IF(6*INDEX('KZ-normalized'!$D:$D, MATCH($A6, 'KZ-normalized'!$A:$A, 0))-INDEX('KZ-normalized'!$E:$E, MATCH($A6, 'KZ-normalized'!$A:$A, 0))>0, -(6*INDEX('KZ-normalized'!$D:$D, MATCH($A6, 'KZ-normalized'!$A:$A, 0))-INDEX('KZ-normalized'!$E:$E, MATCH($A6, 'KZ-normalized'!$A:$A, 0))), 0), 0))+(IFERROR(IF(6*INDEX('UZ-normalized'!$D:$D, MATCH($A6, 'UZ-normalized'!$A:$A, 0))-INDEX('UZ-normalized'!$E:$E, MATCH($A6, 'UZ-normalized'!$A:$A, 0))>0, -(6*INDEX('UZ-normalized'!$D:$D, MATCH($A6, 'UZ-normalized'!$A:$A, 0))-INDEX('UZ-normalized'!$E:$E, MATCH($A6, 'UZ-normalized'!$A:$A, 0))), 0), 0))) -> -49.4 | U6: =MIN(0, N6+(IFERROR(IF(7*INDEX('UA-normalized'!$D:$D, MATCH($A6, 'UA-normalized'!$A:$A, 0))-INDEX('UA-normalized'!$E:$E, MATCH($A6, 'UA-normalized'!$A:$A, 0))>0, -(7*INDEX('UA-normalized'!$D:$D, MATCH($A6, 'UA-normalized'!$A:$A, 0))-INDEX('UA-normalized'!$E:$E, MATCH($A6, 'UA-normalized'!$A:$A, 0))), 0), 0))+(IFERROR(IF(7*INDEX('KZ-normalized'!$D:$D, MATCH($A6, 'KZ-normalized'!$A:$A, 0))-INDEX('KZ-normalized'!$E:$E, MATCH($A6, 'KZ-normalized'!$A:$A, 0))>0, -(7*INDEX('KZ-normalized'!$D:$D, MATCH($A6, 'KZ-normalized'!$A:$A, 0))-INDEX('KZ-normalized'!$E:$E, MATCH($A6, 'KZ-normalized'!$A:$A, 0))), 0), 0))+(IFERROR(IF(7*INDEX('UZ-normalized'!$D:$D, MATCH($A6, 'UZ-normalized'!$A:$A, 0))-INDEX('UZ-normalized'!$E:$E, MATCH($A6, 'UZ-normalized'!$A:$A, 0))>0, -(7*INDEX('UZ-normalized'!$D:$D, MATCH($A6, 'UZ-normalized'!$A:$A, 0))-INDEX('UZ-normalized'!$E:$E, MATCH($A6, 'UZ-normalized'!$A:$A, 0))), 0), 0))) -> -65.3 | V6: =MIN(0, N6+(IFERROR(IF(8*INDEX('UA-normalized'!$D:$D, MATCH($A6, 'UA-normalized'!$A:$A, 0))-INDEX('UA-normalized'!$E:$E, MATCH($A6, 'UA-normalized'!$A:$A, 0))>0, -(8*INDEX('UA-normalized'!$D:$D, MATCH($A6, 'UA-normalized'!$A:$A, 0))-INDEX('UA-normalized'!$E:$E, MATCH($A6, 'UA-normalized'!$A:$A, 0))), 0), 0))+(IFERROR(IF(8*INDEX('KZ-normalized'!$D:$D, MATCH($A6, 'KZ-normalized'!$A:$A, 0))-INDEX('KZ-normalized'!$E:$E, MATCH($A6, 'KZ-normalized'!$A:$A, 0))>0, -(8*INDEX('KZ-normalized'!$D:$D, MATCH($A6, 'KZ-normalized'!$A:$A, 0))-INDEX('KZ-normalized'!$E:$E, MATCH($A6, 'KZ-normalized'!$A:$A, 0))), 0), 0))+(IFERROR(IF(8*INDEX('UZ-normalized'!$D:$D, MATCH($A6, 'UZ-normalized'!$A:$A, 0))-INDEX('UZ-normalized'!$E:$E, MATCH($A6, 'UZ-normalized'!$A:$A, 0))>0, -(8*INDEX('UZ-normalized'!$D:$D, MATCH($A6, 'UZ-normalized'!$A:$A, 0))-INDEX('UZ-normalized'!$E:$E, MATCH($A6, 'UZ-normalized'!$A:$A, 0))), 0), 0))) -> -81.2 | W6: =MIN(0, N6+(IFERROR(IF(9*INDEX('UA-normalized'!$D:$D, MATCH($A6, 'UA-normalized'!$A:$A, 0))-INDEX('UA-normalized'!$E:$E, MATCH($A6, 'UA-normalized'!$A:$A, 0))>0, -(9*INDEX('UA-normalized'!$D:$D, MATCH($A6, 'UA-normalized'!$A:$A, 0))-INDEX('UA-normalized'!$E:$E, MATCH($A6, 'UA-normalized'!$A:$A, 0))), 0), 0))+(IFERROR(IF(9*INDEX('KZ-normalized'!$D:$D, MATCH($A6, 'KZ-normalized'!$A:$A, 0))-INDEX('KZ-normalized'!$E:$E, MATCH($A6, 'KZ-normalized'!$A:$A, 0))>0, -(9*INDEX('KZ-normalized'!$D:$D, MATCH($A6, 'KZ-normalized'!$A:$A, 0))-INDEX('KZ-normalized'!$E:$E, MATCH($A6, 'KZ-normalized'!$A:$A, 0))), 0), 0))+(IFERROR(IF(9*INDEX('UZ-normalized'!$D:$D, MATCH($A6, 'UZ-normalized'!$A:$A, 0))-INDEX('UZ-normalized'!$E:$E, MATCH($A6, 'UZ-normalized'!$A:$A, 0))>0, -(9*INDEX('UZ-normalized'!$D:$D, MATCH($A6, 'UZ-normalized'!$A:$A, 0))-INDEX('UZ-normalized'!$E:$E, MATCH($A6, 'UZ-normalized'!$A:$A, 0))), 0), 0))) -> -97.1 | X6: =MIN(0, N6+(IFERROR(IF(10*INDEX('UA-normalized'!$D:$D, MATCH($A6, 'UA-normalized'!$A:$A, 0))-INDEX('UA-normalized'!$E:$E, MATCH($A6, 'UA-normalized'!$A:$A, 0))>0, -(10*INDEX('UA-normalized'!$D:$D, MATCH($A6, 'UA-normalized'!$A:$A, 0))-INDEX('UA-normalized'!$E:$E, MATCH($A6, 'UA-normalized'!$A:$A, 0))), 0), 0))+(IFERROR(IF(10*INDEX('KZ-normalized'!$D:$D, MATCH($A6, 'KZ-normalized'!$A:$A, 0))-INDEX('KZ-normalized'!$E:$E, MATCH($A6, 'KZ-normalized'!$A:$A, 0))>0, -(10*INDEX('KZ-normalized'!$D:$D, MATCH($A6, 'KZ-normalized'!$A:$A, 0))-INDEX('KZ-normalized'!$E:$E, MATCH($A6, 'KZ-normalized'!$A:$A, 0))), 0), 0))+(IFERROR(IF(10*INDEX('UZ-normalized'!$D:$D, MATCH($A6, 'UZ-normalized'!$A:$A, 0))-INDEX('UZ-normalized'!$E:$E, MATCH($A6, 'UZ-normalized'!$A:$A, 0))>0, -(10*INDEX('UZ-normalized'!$D:$D, MATCH($A6, 'UZ-normalized'!$A:$A, 0))-INDEX('UZ-normalized'!$E:$E, MATCH($A6, 'UZ-normalized'!$A:$A, 0))), 0), 0))) -> -113 | Y6: =MIN(0, N6+(IFERROR(IF(11*INDEX('UA-normalized'!$D:$D, MATCH($A6, 'UA-normalized'!$A:$A, 0))-INDEX('UA-normalized'!$E:$E, MATCH($A6, 'UA-normalized'!$A:$A, 0))>0, -(11*INDEX('UA-normalized'!$D:$D, MATCH($A6, 'UA-normalized'!$A:$A, 0))-INDEX('UA-normalized'!$E:$E, MATCH($A6, 'UA-normalized'!$A:$A, 0))), 0), 0))+(IFERROR(IF(11*INDEX('KZ-normalized'!$D:$D, MATCH($A6, 'KZ-normalized'!$A:$A, 0))-INDEX('KZ-normalized'!$E:$E, MATCH($A6, 'KZ-normalized'!$A:$A, 0))>0, -(11*INDEX('KZ-normalized'!$D:$D, MATCH($A6, 'KZ-normalized'!$A:$A, 0))-INDEX('KZ-normalized'!$E:$E, MATCH($A6, 'KZ-normalized'!$A:$A, 0))), 0), 0))+(IFERROR(IF(11*INDEX('UZ-normalized'!$D:$D, MATCH($A6, 'UZ-normalized'!$A:$A, 0))-INDEX('UZ-normalized'!$E:$E, MATCH($A6, 'UZ-normalized'!$A:$A, 0))>0, -(11*INDEX('UZ-normalized'!$D:$D, MATCH($A6, 'UZ-normalized'!$A:$A, 0))-INDEX('UZ-normalized'!$E:$E, MATCH($A6, 'UZ-normalized'!$A:$A, 0))), 0), 0))) -> -128.9 | Z6: =MIN(0, N6+(IFERROR(IF(12*INDEX('UA-normalized'!$D:$D, MATCH($A6, 'UA-normalized'!$A:$A, 0))-INDEX('UA-normalized'!$E:$E, MATCH($A6, 'UA-normalized'!$A:$A, 0))>0, -(12*INDEX('UA-normalized'!$D:$D, MATCH($A6, 'UA-normalized'!$A:$A, 0))-INDEX('UA-normalized'!$E:$E, MATCH($A6, 'UA-normalized'!$A:$A, 0))), 0), 0))+(IFERROR(IF(12*INDEX('KZ-normalized'!$D:$D, MATCH($A6, 'KZ-normalized'!$A:$A, 0))-INDEX('KZ-normalized'!$E:$E, MATCH($A6, 'KZ-normalized'!$A:$A, 0))>0, -(12*INDEX('KZ-normalized'!$D:$D, MATCH($A6, 'KZ-normalized'!$A:$A, 0))-INDEX('KZ-normalized'!$E:$E, MATCH($A6, 'KZ-normalized'!$A:$A, 0))), 0), 0))+(IFERROR(IF(12*INDEX('UZ-normalized'!$D:$D, MATCH($A6, 'UZ-normalized'!$A:$A, 0))-INDEX('UZ-normalized'!$E:$E, MATCH($A6, 'UZ-normalized'!$A:$A, 0))>0, -(12*INDEX('UZ-normalized'!$D:$D, MATCH($A6, 'UZ-normalized'!$A:$A, 0))-INDEX('UZ-normalized'!$E:$E, MATCH($A6, 'UZ-normalized'!$A:$A, 0))), 0), 0))) -> -144.8 | AA6: =MIN(0, N6+(IFERROR(IF(13*INDEX('UA-normalized'!$D:$D, MATCH($A6, 'UA-normalized'!$A:$A, 0))-INDEX('UA-normalized'!$E:$E, MATCH($A6, 'UA-normalized'!$A:$A, 0))>0, -(13*INDEX('UA-normalized'!$D:$D, MATCH($A6, 'UA-normalized'!$A:$A, 0))-INDEX('UA-normalized'!$E:$E, MATCH($A6, 'UA-normalized'!$A:$A, 0))), 0), 0))+(IFERROR(IF(13*INDEX('KZ-normalized'!$D:$D, MATCH($A6, 'KZ-normalized'!$A:$A, 0))-INDEX('KZ-normalized'!$E:$E, MATCH($A6, 'KZ-normalized'!$A:$A, 0))>0, -(13*INDEX('KZ-normalized'!$D:$D, MATCH($A6, 'KZ-normalized'!$A:$A, 0))-INDEX('KZ-normalized'!$E:$E, MATCH($A6, 'KZ-normalized'!$A:$A, 0))), 0), 0))+(IFERROR(IF(13*INDEX('UZ-normalized'!$D:$D, MATCH($A6, 'UZ-normalized'!$A:$A, 0))-INDEX('UZ-normalized'!$E:$E, MATCH($A6, 'UZ-normalized'!$A:$A, 0))>0, -(13*INDEX('UZ-normalized'!$D:$D, MATCH($A6, 'UZ-normalized'!$A:$A, 0))-INDEX('UZ-normalized'!$E:$E, MATCH($A6, 'UZ-normalized'!$A:$A, 0))), 0), 0))) -> -160.7 | AB6: =MIN(0, N6+(IFERROR(IF(14*INDEX('UA-normalized'!$D:$D, MATCH($A6, 'UA-normalized'!$A:$A, 0))-INDEX('UA-normalized'!$E:$E, MATCH($A6, 'UA-normalized'!$A:$A, 0))>0, -(14*INDEX('UA-normalized'!$D:$D, MATCH($A6, 'UA-normalized'!$A:$A, 0))-INDEX('UA-normalized'!$E:$E, MATCH($A6, 'UA-normalized'!$A:$A, 0))), 0), 0))+(IFERROR(IF(14*INDEX('KZ-normalized'!$D:$D, MATCH($A6, 'KZ-normalized'!$A:$A, 0))-INDEX('KZ-normalized'!$E:$E, MATCH($A6, 'KZ-normalized'!$A:$A, 0))>0, -(14*INDEX('KZ-normalized'!$D:$D, MATCH($A6, 'KZ-normalized'!$A:$A, 0))-INDEX('KZ-normalized'!$E:$E, MATCH($A6, 'KZ-normalized'!$A:$A, 0))), 0), 0))+(IFERROR(IF(14*INDEX('UZ-normalized'!$D:$D, MATCH($A6, 'UZ-normalized'!$A:$A, 0))-INDEX('UZ-normalized'!$E:$E, MATCH($A6, 'UZ-normalized'!$A:$A, 0))>0, -(14*INDEX('UZ-normalized'!$D:$D, MATCH($A6, 'UZ-normalized'!$A:$A, 0))-INDEX('UZ-normalized'!$E:$E, MATCH($A6, 'UZ-normalized'!$A:$A, 0))), 0), 0))) -> -176.6 | AC6: =MIN(0, N6+(IFERROR(IF(15*INDEX('UA-normalized'!$D:$D, MATCH($A6, 'UA-normalized'!$A:$A, 0))-INDEX('UA-normalized'!$E:$E, MATCH($A6, 'UA-normalized'!$A:$A, 0))>0, -(15*INDEX('UA-normalized'!$D:$D, MATCH($A6, 'UA-normalized'!$A:$A, 0))-INDEX('UA-normalized'!$E:$E, MATCH($A6, 'UA-normalized'!$A:$A, 0))), 0), 0))+(IFERROR(IF(15*INDEX('KZ-normalized'!$D:$D, MATCH($A6, 'KZ-normalized'!$A:$A, 0))-INDEX('KZ-normalized'!$E:$E, MATCH($A6, 'KZ-normalized'!$A:$A, 0))>0, -(15*INDEX('KZ-normalized'!$D:$D, MATCH($A6, 'KZ-normalized'!$A:$A, 0))-INDEX('KZ-normalized'!$E:$E, MATCH($A6, 'KZ-normalized'!$A:$A, 0))), 0), 0))+(IFERROR(IF(15*INDEX('UZ-normalized'!$D:$D, MATCH($A6, 'UZ-normalized'!$A:$A, 0))-INDEX('UZ-normalized'!$E:$E, MATCH($A6, 'UZ-normalized'!$A:$A, 0))>0, -(15*INDEX('UZ-normalized'!$D:$D, MATCH($A6, 'UZ-normalized'!$A:$A, 0))-INDEX('UZ-normalized'!$E:$E, MATCH($A6, 'UZ-normalized'!$A:$A, 0))), 0), 0))) -> -192.5 | AD6: =MIN(0, N6+(IFERROR(IF(16*INDEX('UA-normalized'!$D:$D, MATCH($A6, 'UA-normalized'!$A:$A, 0))-INDEX('UA-normalized'!$E:$E, MATCH($A6, 'UA-normalized'!$A:$A, 0))>0, -(16*INDEX('UA-normalized'!$D:$D, MATCH($A6, 'UA-normalized'!$A:$A, 0))-INDEX('UA-normalized'!$E:$E, MATCH($A6, 'UA-normalized'!$A:$A, 0))), 0), 0))+(IFERROR(IF(16*INDEX('KZ-normalized'!$D:$D, MATCH($A6, 'KZ-normalized'!$A:$A, 0))-INDEX('KZ-normalized'!$E:$E, MATCH($A6, 'KZ-normalized'!$A:$A, 0))>0, -(16*INDEX('KZ-normalized'!$D:$D, MATCH($A6, 'KZ-normalized'!$A:$A, 0))-INDEX('KZ-normalized'!$E:$E, MATCH($A6, 'KZ-normalized'!$A:$A, 0))), 0), 0))+(IFERROR(IF(16*INDEX('UZ-normalized'!$D:$D, MATCH($A6, 'UZ-normalized'!$A:$A, 0))-INDEX('UZ-normalized'!$E:$E, MATCH($A6, 'UZ-normalized'!$A:$A, 0))>0, -(16*INDEX('UZ-normalized'!$D:$D, MATCH($A6, 'UZ-normalized'!$A:$A, 0))-INDEX('UZ-normalized'!$E:$E, MATCH($A6, 'UZ-normalized'!$A:$A, 0))), 0), 0))) -> -208.4 | AE6: =MIN(0, N6+(IFERROR(IF(17*INDEX('UA-normalized'!$D:$D, MATCH($A6, 'UA-normalized'!$A:$A, 0))-INDEX('UA-normalized'!$E:$E, MATCH($A6, 'UA-normalized'!$A:$A, 0))>0, -(17*INDEX('UA-normalized'!$D:$D, MATCH($A6, 'UA-normalized'!$A:$A, 0))-INDEX('UA-normalized'!$E:$E, MATCH($A6, 'UA-normalized'!$A:$A, 0))), 0), 0))+(IFERROR(IF(17*INDEX('KZ-normalized'!$D:$D, MATCH($A6, 'KZ-normalized'!$A:$A, 0))-INDEX('KZ-normalized'!$E:$E, MATCH($A6, 'KZ-normalized'!$A:$A, 0))>0, -(17*INDEX('KZ-normalized'!$D:$D, MATCH($A6, 'KZ-normalized'!$A:$A, 0))-INDEX('KZ-normalized'!$E:$E, MATCH($A6, 'KZ-normalized'!$A:$A, 0))), 0), 0))+(IFERROR(IF(17*INDEX('UZ-normalized'!$D:$D, MATCH($A6, 'UZ-normalized'!$A:$A, 0))-INDEX('UZ-normalized'!$E:$E, MATCH($A6, 'UZ-normalized'!$A:$A, 0))>0, -(17*INDEX('UZ-normalized'!$D:$D, MATCH($A6, 'UZ-normalized'!$A:$A, 0))-INDEX('UZ-normalized'!$E:$E, MATCH($A6, 'UZ-normalized'!$A:$A, 0))), 0), 0))) -> -224.3 | AF6: =MIN(0, N6+(IFERROR(IF(18*INDEX('UA-normalized'!$D:$D, MATCH($A6, 'UA-normalized'!$A:$A, 0))-INDEX('UA-normalized'!$E:$E, MATCH($A6, 'UA-normalized'!$A:$A, 0))>0, -(18*INDEX('UA-normalized'!$D:$D, MATCH($A6, 'UA-normalized'!$A:$A, 0))-INDEX('UA-normalized'!$E:$E, MATCH($A6, 'UA-normalized'!$A:$A, 0))), 0), 0))+(IFERROR(IF(18*INDEX('KZ-normalized'!$D:$D, MATCH($A6, 'KZ-normalized'!$A:$A, 0))-INDEX('KZ-normalized'!$E:$E, MATCH($A6, 'KZ-normalized'!$A:$A, 0))>0, -(18*INDEX('KZ-normalized'!$D:$D, MATCH($A6, 'KZ-normalized'!$A:$A, 0))-INDEX('KZ-normalized'!$E:$E, MATCH($A6, 'KZ-normalized'!$A:$A, 0))), 0), 0))+(IFERROR(IF(18*INDEX('UZ-normalized'!$D:$D, MATCH($A6, 'UZ-normalized'!$A:$A, 0))-INDEX('UZ-normalized'!$E:$E, MATCH($A6, 'UZ-normalized'!$A:$A, 0))>0, -(18*INDEX('UZ-normalized'!$D:$D, MATCH($A6, 'UZ-normalized'!$A:$A, 0))-INDEX('UZ-normalized'!$E:$E, MATCH($A6, 'UZ-normalized'!$A:$A, 0))), 0), 0))) -> -240.2 | AG6: =MIN(0, N6+(IFERROR(IF(19*INDEX('UA-normalized'!$D:$D, MATCH($A6, 'UA-normalized'!$A:$A, 0))-INDEX('UA-normalized'!$E:$E, MATCH($A6, 'UA-normalized'!$A:$A, 0))>0, -(19*INDEX('UA-normalized'!$D:$D, MATCH($A6, 'UA-normalized'!$A:$A, 0))-INDEX('UA-normalized'!$E:$E, MATCH($A6, 'UA-normalized'!$A:$A, 0))), 0), 0))+(IFERROR(IF(19*INDEX('KZ-normalized'!$D:$D, MATCH($A6, 'KZ-normalized'!$A:$A, 0))-INDEX('KZ-normalized'!$E:$E, MATCH($A6, 'KZ-normalized'!$A:$A, 0))>0, -(19*INDEX('KZ-normalized'!$D:$D, MATCH($A6, 'KZ-normalized'!$A:$A, 0))-INDEX('KZ-normalized'!$E:$E, MATCH($A6, 'KZ-normalized'!$A:$A, 0))), 0), 0))+(IFERROR(IF(19*INDEX('UZ-normalized'!$D:$D, MATCH($A6, 'UZ-normalized'!$A:$A, 0))-INDEX('UZ-normalized'!$E:$E, MATCH($A6, 'UZ-normalized'!$A:$A, 0))>0, -(19*INDEX('UZ-normalized'!$D:$D, MATCH($A6, 'UZ-normalized'!$A:$A, 0))-INDEX('UZ-normalized'!$E:$E, MATCH($A6, 'UZ-normalized'!$A:$A, 0))), 0), 0))) -> -256.1 | AH6: =MIN(0, N6+(IFERROR(IF(20*INDEX('UA-normalized'!$D:$D, MATCH($A6, 'UA-normalized'!$A:$A, 0))-INDEX('UA-normalized'!$E:$E, MATCH($A6, 'UA-normalized'!$A:$A, 0))>0, -(20*INDEX('UA-normalized'!$D:$D, MATCH($A6, 'UA-normalized'!$A:$A, 0))-INDEX('UA-normalized'!$E:$E, MATCH($A6, 'UA-normalized'!$A:$A, 0))), 0), 0))+(IFERROR(IF(20*INDEX('KZ-normalized'!$D:$D, MATCH($A6, 'KZ-normalized'!$A:$A, 0))-INDEX('KZ-normalized'!$E:$E, MATCH($A6, 'KZ-normalized'!$A:$A, 0))>0, -(20*INDEX('KZ-normalized'!$D:$D, MATCH($A6, 'KZ-normalized'!$A:$A, 0))-INDEX('KZ-normalized'!$E:$E, MATCH($A6, 'KZ-normalized'!$A:$A, 0))), 0), 0))+(IFERROR(IF(20*INDEX('UZ-normalized'!$D:$D, MATCH($A6, 'UZ-normalized'!$A:$A, 0))-INDEX('UZ-normalized'!$E:$E, MATCH($A6, 'UZ-normalized'!$A:$A, 0))>0, -(20*INDEX('UZ-normalized'!$D:$D, MATCH($A6, 'UZ-normalized'!$A:$A, 0))-INDEX('UZ-normalized'!$E:$E, MATCH($A6, 'UZ-normalized'!$A:$A, 0))), 0), 0))) -> -272 | AI6: =MIN(0, N6+(IFERROR(IF(21*INDEX('UA-normalized'!$D:$D, MATCH($A6, 'UA-normalized'!$A:$A, 0))-INDEX('UA-normalized'!$E:$E, MATCH($A6, 'UA-normalized'!$A:$A, 0))>0, -(21*INDEX('UA-normalized'!$D:$D, MATCH($A6, 'UA-normalized'!$A:$A, 0))-INDEX('UA-normalized'!$E:$E, MATCH($A6, 'UA-normalized'!$A:$A, 0))), 0), 0))+(IFERROR(IF(21*INDEX('KZ-normalized'!$D:$D, MATCH($A6, 'KZ-normalized'!$A:$A, 0))-INDEX('KZ-normalized'!$E:$E, MATCH($A6, 'KZ-normalized'!$A:$A, 0))>0, -(21*INDEX('KZ-normalized'!$D:$D, MATCH($A6, 'KZ-normalized'!$A:$A, 0))-INDEX('KZ-normalized'!$E:$E, MATCH($A6, 'KZ-normalized'!$A:$A, 0))), 0), 0))+(IFERROR(IF(21*INDEX('UZ-normalized'!$D:$D, MATCH($A6, 'UZ-normalized'!$A:$A, 0))-INDEX('UZ-normalized'!$E:$E, MATCH($A6, 'UZ-normalized'!$A:$A, 0))>0, -(21*INDEX('UZ-normalized'!$D:$D, MATCH($A6, 'UZ-normalized'!$A:$A, 0))-INDEX('UZ-normalized'!$E:$E, MATCH($A6, 'UZ-normalized'!$A:$A, 0))), 0), 0))) -> -287.9 | AJ6: =MIN(0, N6+(IFERROR(IF(22*INDEX('UA-normalized'!$D:$D, MATCH($A6, 'UA-normalized'!$A:$A, 0))-INDEX('UA-normalized'!$E:$E, MATCH($A6, 'UA-normalized'!$A:$A, 0))>0, -(22*INDEX('UA-normalized'!$D:$D, MATCH($A6, 'UA-normalized'!$A:$A, 0))-INDEX('UA-normalized'!$E:$E, MATCH($A6, 'UA-normalized'!$A:$A, 0))), 0), 0))+(IFERROR(IF(22*INDEX('KZ-normalized'!$D:$D, MATCH($A6, 'KZ-normalized'!$A:$A, 0))-INDEX('KZ-normalized'!$E:$E, MATCH($A6, 'KZ-normalized'!$A:$A, 0))>0, -(22*INDEX('KZ-normalized'!$D:$D, MATCH($A6, 'KZ-normalized'!$A:$A, 0))-INDEX('KZ-normalized'!$E:$E, MATCH($A6, 'KZ-normalized'!$A:$A, 0))), 0), 0))+(IFERROR(IF(22*INDEX('UZ-normalized'!$D:$D, MATCH($A6, 'UZ-normalized'!$A:$A, 0))-INDEX('UZ-normalized'!$E:$E, MATCH($A6, 'UZ-normalized'!$A:$A, 0))>0, -(22*INDEX('UZ-normalized'!$D:$D, MATCH($A6, 'UZ-normalized'!$A:$A, 0))-INDEX('UZ-normalized'!$E:$E, MATCH($A6, 'UZ-normalized'!$A:$A, 0))), 0), 0))) -> -303.8 | AK6: =MIN(0, N6+(IFERROR(IF(23*INDEX('UA-normalized'!$D:$D, MATCH($A6, 'UA-normalized'!$A:$A, 0))-INDEX('UA-normalized'!$E:$E, MATCH($A6, 'UA-normalized'!$A:$A, 0))>0, -(23*INDEX('UA-normalized'!$D:$D, MATCH($A6, 'UA-normalized'!$A:$A, 0))-INDEX('UA-normalized'!$E:$E, MATCH($A6, 'UA-normalized'!$A:$A, 0))), 0), 0))+(IFERROR(IF(23*INDEX('KZ-normalized'!$D:$D, MATCH($A6, 'KZ-normalized'!$A:$A, 0))-INDEX('KZ-normalized'!$E:$E, MATCH($A6, 'KZ-normalized'!$A:$A, 0))>0, -(23*INDEX('KZ-normalized'!$D:$D, MATCH($A6, 'KZ-normalized'!$A:$A, 0))-INDEX('KZ-normalized'!$E:$E, MATCH($A6, 'KZ-normalized'!$A:$A, 0))), 0), 0))+(IFERROR(IF(23*INDEX('UZ-normalized'!$D:$D, MATCH($A6, 'UZ-normalized'!$A:$A, 0))-INDEX('UZ-normalized'!$E:$E, MATCH($A6, 'UZ-normalized'!$A:$A, 0))>0, -(23*INDEX('UZ-normalized'!$D:$D, MATCH($A6, 'UZ-normalized'!$A:$A, 0))-INDEX('UZ-normalized'!$E:$E, MATCH($A6, 'UZ-normalized'!$A:$A, 0))), 0), 0))) -> -319.7 | AL6: =MIN(0, N6+(IFERROR(IF(24*INDEX('UA-normalized'!$D:$D, MATCH($A6, 'UA-normalized'!$A:$A, 0))-INDEX('UA-normalized'!$E:$E, MATCH($A6, 'UA-normalized'!$A:$A, 0))>0, -(24*INDEX('UA-normalized'!$D:$D, MATCH($A6, 'UA-normalized'!$A:$A, 0))-INDEX('UA-normalized'!$E:$E, MATCH($A6, 'UA-normalized'!$A:$A, 0))), 0), 0))+(IFERROR(IF(24*INDEX('KZ-normalized'!$D:$D, MATCH($A6, 'KZ-normalized'!$A:$A, 0))-INDEX('KZ-normalized'!$E:$E, MATCH($A6, 'KZ-normalized'!$A:$A, 0))>0, -(24*INDEX('KZ-normalized'!$D:$D, MATCH($A6, 'KZ-normalized'!$A:$A, 0))-INDEX('KZ-normalized'!$E:$E, MATCH($A6, 'KZ-normalized'!$A:$A, 0))), 0), 0))+(IFERROR(IF(24*INDEX('UZ-normalized'!$D:$D, MATCH($A6, 'UZ-normalized'!$A:$A, 0))-INDEX('UZ-normalized'!$E:$E, MATCH($A6, 'UZ-normalized'!$A:$A, 0))>0, -(24*INDEX('UZ-normalized'!$D:$D, MATCH($A6, 'UZ-normalized'!$A:$A, 0))-INDEX('UZ-normalized'!$E:$E, MATCH($A6, 'UZ-normalized'!$A:$A, 0))), 0), 0))) -> -335.6 | AM6: =MIN(0, N6+(IFERROR(IF(25*INDEX('UA-normalized'!$D:$D, MATCH($A6, 'UA-normalized'!$A:$A, 0))-INDEX('UA-normalized'!$E:$E, MATCH($A6, 'UA-normalized'!$A:$A, 0))>0, -(25*INDEX('UA-normalized'!$D:$D, MATCH($A6, 'UA-normalized'!$A:$A, 0))-INDEX('UA-normalized'!$E:$E, MATCH($A6, 'UA-normalized'!$A:$A, 0))), 0), 0))+(IFERROR(IF(25*INDEX('KZ-normalized'!$D:$D, MATCH($A6, 'KZ-normalized'!$A:$A, 0))-INDEX('KZ-normalized'!$E:$E, MATCH($A6, 'KZ-normalized'!$A:$A, 0))>0, -(25*INDEX('KZ-normalized'!$D:$D, MATCH($A6, 'KZ-normalized'!$A:$A, 0))-INDEX('KZ-normalized'!$E:$E, MATCH($A6, 'KZ-normalized'!$A:$A, 0))), 0), 0))+(IFERROR(IF(25*INDEX('UZ-normalized'!$D:$D, MATCH($A6, 'UZ-normalized'!$A:$A, 0))-INDEX('UZ-normalized'!$E:$E, MATCH($A6, 'UZ-normalized'!$A:$A, 0))>0, -(25*INDEX('UZ-normalized'!$D:$D, MATCH($A6, 'UZ-normalized'!$A:$A, 0))-INDEX('UZ-normalized'!$E:$E, MATCH($A6, 'UZ-normalized'!$A:$A, 0))), 0), 0))) -> -351.5 | AN6: =MIN(0, N6+(IFERROR(IF(26*INDEX('UA-normalized'!$D:$D, MATCH($A6, 'UA-normalized'!$A:$A, 0))-INDEX('UA-normalized'!$E:$E, MATCH($A6, 'UA-normalized'!$A:$A, 0))>0, -(26*INDEX('UA-normalized'!$D:$D, MATCH($A6, 'UA-normalized'!$A:$A, 0))-INDEX('UA-normalized'!$E:$E, MATCH($A6, 'UA-normalized'!$A:$A, 0))), 0), 0))+(IFERROR(IF(26*INDEX('KZ-normalized'!$D:$D, MATCH($A6, 'KZ-normalized'!$A:$A, 0))-INDEX('KZ-normalized'!$E:$E, MATCH($A6, 'KZ-normalized'!$A:$A, 0))>0, -(26*INDEX('KZ-normalized'!$D:$D, MATCH($A6, 'KZ-normalized'!$A:$A, 0))-INDEX('KZ-normalized'!$E:$E, MATCH($A6, 'KZ-normalized'!$A:$A, 0))), 0), 0))+(IFERROR(IF(26*INDEX('UZ-normalized'!$D:$D, MATCH($A6, 'UZ-normalized'!$A:$A, 0))-INDEX('UZ-normalized'!$E:$E, MATCH($A6, 'UZ-normalized'!$A:$A, 0))>0, -(26*INDEX('UZ-normalized'!$D:$D, MATCH($A6, 'UZ-normalized'!$A:$A, 0))-INDEX('UZ-normalized'!$E:$E, MATCH($A6, 'UZ-normalized'!$A:$A, 0))), 0), 0))) -> -367.4 | AO6: =MIN(0, N6+(IFERROR(IF(27*INDEX('UA-normalized'!$D:$D, MATCH($A6, 'UA-normalized'!$A:$A, 0))-INDEX('UA-normalized'!$E:$E, MATCH($A6, 'UA-normalized'!$A:$A, 0))>0, -(27*INDEX('UA-normalized'!$D:$D, MATCH($A6, 'UA-normalized'!$A:$A, 0))-INDEX('UA-normalized'!$E:$E, MATCH($A6, 'UA-normalized'!$A:$A, 0))), 0), 0))+(IFERROR(IF(27*INDEX('KZ-normalized'!$D:$D, MATCH($A6, 'KZ-normalized'!$A:$A, 0))-INDEX('KZ-normalized'!$E:$E, MATCH($A6, 'KZ-normalized'!$A:$A, 0))>0, -(27*INDEX('KZ-normalized'!$D:$D, MATCH($A6, 'KZ-normalized'!$A:$A, 0))-INDEX('KZ-normalized'!$E:$E, MATCH($A6, 'KZ-normalized'!$A:$A, 0))), 0), 0))+(IFERROR(IF(27*INDEX('UZ-normalized'!$D:$D, MATCH($A6, 'UZ-normalized'!$A:$A, 0))-INDEX('UZ-normalized'!$E:$E, MATCH($A6, 'UZ-normalized'!$A:$A, 0))>0, -(27*INDEX('UZ-normalized'!$D:$D, MATCH($A6, 'UZ-normalized'!$A:$A, 0))-INDEX('UZ-normalized'!$E:$E, MATCH($A6, 'UZ-normalized'!$A:$A, 0))), 0), 0))) -> -383.3 | AP6: =MIN(0, N6+(IFERROR(IF(28*INDEX('UA-normalized'!$D:$D, MATCH($A6, 'UA-normalized'!$A:$A, 0))-INDEX('UA-normalized'!$E:$E, MATCH($A6, 'UA-normalized'!$A:$A, 0))>0, -(28*INDEX('UA-normalized'!$D:$D, MATCH($A6, 'UA-normalized'!$A:$A, 0))-INDEX('UA-normalized'!$E:$E, MATCH($A6, 'UA-normalized'!$A:$A, 0))), 0), 0))+(IFERROR(IF(28*INDEX('KZ-normalized'!$D:$D, MATCH($A6, 'KZ-normalized'!$A:$A, 0))-INDEX('KZ-normalized'!$E:$E, MATCH($A6, 'KZ-normalized'!$A:$A, 0))>0, -(28*INDEX('KZ-normalized'!$D:$D, MATCH($A6, 'KZ-normalized'!$A:$A, 0))-INDEX('KZ-normalized'!$E:$E, MATCH($A6, 'KZ-normalized'!$A:$A, 0))), 0), 0))+(IFERROR(IF(28*INDEX('UZ-normalized'!$D:$D, MATCH($A6, 'UZ-normalized'!$A:$A, 0))-INDEX('UZ-normalized'!$E:$E, MATCH($A6, 'UZ-normalized'!$A:$A, 0))>0, -(28*INDEX('UZ-normalized'!$D:$D, MATCH($A6, 'UZ-normalized'!$A:$A, 0))-INDEX('UZ-normalized'!$E:$E, MATCH($A6, 'UZ-normalized'!$A:$A, 0))), 0), 0))) -> -399.2 | AQ6: =MIN(0, N6+(IFERROR(IF(29*INDEX('UA-normalized'!$D:$D, MATCH($A6, 'UA-normalized'!$A:$A, 0))-INDEX('UA-normalized'!$E:$E, MATCH($A6, 'UA-normalized'!$A:$A, 0))>0, -(29*INDEX('UA-normalized'!$D:$D, MATCH($A6, 'UA-normalized'!$A:$A, 0))-INDEX('UA-normalized'!$E:$E, MATCH($A6, 'UA-normalized'!$A:$A, 0))), 0), 0))+(IFERROR(IF(29*INDEX('KZ-normalized'!$D:$D, MATCH($A6, 'KZ-normalized'!$A:$A, 0))-INDEX('KZ-normalized'!$E:$E, MATCH($A6, 'KZ-normalized'!$A:$A, 0))>0, -(29*INDEX('KZ-normalized'!$D:$D, MATCH($A6, 'KZ-normalized'!$A:$A, 0))-INDEX('KZ-normalized'!$E:$E, MATCH($A6, 'KZ-normalized'!$A:$A, 0))), 0), 0))+(IFERROR(IF(29*INDEX('UZ-normalized'!$D:$D, MATCH($A6, 'UZ-normalized'!$A:$A, 0))-INDEX('UZ-normalized'!$E:$E, MATCH($A6, 'UZ-normalized'!$A:$A, 0))>0, -(29*INDEX('UZ-normalized'!$D:$D, MATCH($A6, 'UZ-normalized'!$A:$A, 0))-INDEX('UZ-normalized'!$E:$E, MATCH($A6, 'UZ-normalized'!$A:$A, 0))), 0), 0))) -> -415.1 | AR6: =MIN(0, N6+(IFERROR(IF(30*INDEX('UA-normalized'!$D:$D, MATCH($A6, 'UA-normalized'!$A:$A, 0))-INDEX('UA-normalized'!$E:$E, MATCH($A6, 'UA-normalized'!$A:$A, 0))>0, -(30*INDEX('UA-normalized'!$D:$D, MATCH($A6, 'UA-normalized'!$A:$A, 0))-INDEX('UA-normalized'!$E:$E, MATCH($A6, 'UA-normalized'!$A:$A, 0))), 0), 0))+(IFERROR(IF(30*INDEX('KZ-normalized'!$D:$D, MATCH($A6, 'KZ-normalized'!$A:$A, 0))-INDEX('KZ-normalized'!$E:$E, MATCH($A6, 'KZ-normalized'!$A:$A, 0))>0, -(30*INDEX('KZ-normalized'!$D:$D, MATCH($A6, 'KZ-normalized'!$A:$A, 0))-INDEX('KZ-normalized'!$E:$E, MATCH($A6, 'KZ-normalized'!$A:$A, 0))), 0), 0))+(IFERROR(IF(30*INDEX('UZ-normalized'!$D:$D, MATCH($A6, 'UZ-normalized'!$A:$A, 0))-INDEX('UZ-normalized'!$E:$E, MATCH($A6, 'UZ-normalized'!$A:$A, 0))>0, -(30*INDEX('UZ-normalized'!$D:$D, MATCH($A6, 'UZ-normalized'!$A:$A, 0))-INDEX('UZ-normalized'!$E:$E, MATCH($A6, 'UZ-normalized'!$A:$A, 0))), 0), 0))) -> -431
A7: PR-CHE-49-1590-050-SET | B7: CHE | C7: 1590 | D7: 19-1590-050 | G7: -10 | N7: =SUM(E7:M7) -> -10 | O7: =MIN(0, N7+(IFERROR(IF(1*INDEX('UA-normalized'!$D:$D, MATCH($A7, 'UA-normalized'!$A:$A, 0))-INDEX('UA-normalized'!$E:$E, MATCH($A7, 'UA-normalized'!$A:$A, 0))>0, -(1*INDEX('UA-normalized'!$D:$D, MATCH($A7, 'UA-normalized'!$A:$A, 0))-INDEX('UA-normalized'!$E:$E, MATCH($A7, 'UA-normalized'!$A:$A, 0))), 0), 0))+(IFERROR(IF(1*INDEX('KZ-normalized'!$D:$D, MATCH($A7, 'KZ-normalized'!$A:$A, 0))-INDEX('KZ-normalized'!$E:$E, MATCH($A7, 'KZ-normalized'!$A:$A, 0))>0, -(1*INDEX('KZ-normalized'!$D:$D, MATCH($A7, 'KZ-normalized'!$A:$A, 0))-INDEX('KZ-normalized'!$E:$E, MATCH($A7, 'KZ-normalized'!$A:$A, 0))), 0), 0))+(IFERROR(IF(1*INDEX('UZ-normalized'!$D:$D, MATCH($A7, 'UZ-normalized'!$A:$A, 0))-INDEX('UZ-normalized'!$E:$E, MATCH($A7, 'UZ-normalized'!$A:$A, 0))>0, -(1*INDEX('UZ-normalized'!$D:$D, MATCH($A7, 'UZ-normalized'!$A:$A, 0))-INDEX('UZ-normalized'!$E:$E, MATCH($A7, 'UZ-normalized'!$A:$A, 0))), 0), 0))) -> -10 | P7: =MIN(0, N7+(IFERROR(IF(2*INDEX('UA-normalized'!$D:$D, MATCH($A7, 'UA-normalized'!$A:$A, 0))-INDEX('UA-normalized'!$E:$E, MATCH($A7, 'UA-normalized'!$A:$A, 0))>0, -(2*INDEX('UA-normalized'!$D:$D, MATCH($A7, 'UA-normalized'!$A:$A, 0))-INDEX('UA-normalized'!$E:$E, MATCH($A7, 'UA-normalized'!$A:$A, 0))), 0), 0))+(IFERROR(IF(2*INDEX('KZ-normalized'!$D:$D, MATCH($A7, 'KZ-normalized'!$A:$A, 0))-INDEX('KZ-normalized'!$E:$E, MATCH($A7, 'KZ-normalized'!$A:$A, 0))>0, -(2*INDEX('KZ-normalized'!$D:$D, MATCH($A7, 'KZ-normalized'!$A:$A, 0))-INDEX('KZ-normalized'!$E:$E, MATCH($A7, 'KZ-normalized'!$A:$A, 0))), 0), 0))+(IFERROR(IF(2*INDEX('UZ-normalized'!$D:$D, MATCH($A7, 'UZ-normalized'!$A:$A, 0))-INDEX('UZ-normalized'!$E:$E, MATCH($A7, 'UZ-normalized'!$A:$A, 0))>0, -(2*INDEX('UZ-normalized'!$D:$D, MATCH($A7, 'UZ-normalized'!$A:$A, 0))-INDEX('UZ-normalized'!$E:$E, MATCH($A7, 'UZ-normalized'!$A:$A, 0))), 0), 0))) -> -10 | Q7: =MIN(0, N7+(IFERROR(IF(3*INDEX('UA-normalized'!$D:$D, MATCH($A7, 'UA-normalized'!$A:$A, 0))-INDEX('UA-normalized'!$E:$E, MATCH($A7, 'UA-normalized'!$A:$A, 0))>0, -(3*INDEX('UA-normalized'!$D:$D, MATCH($A7, 'UA-normalized'!$A:$A, 0))-INDEX('UA-normalized'!$E:$E, MATCH($A7, 'UA-normalized'!$A:$A, 0))), 0), 0))+(IFERROR(IF(3*INDEX('KZ-normalized'!$D:$D, MATCH($A7, 'KZ-normalized'!$A:$A, 0))-INDEX('KZ-normalized'!$E:$E, MATCH($A7, 'KZ-normalized'!$A:$A, 0))>0, -(3*INDEX('KZ-normalized'!$D:$D, MATCH($A7, 'KZ-normalized'!$A:$A, 0))-INDEX('KZ-normalized'!$E:$E, MATCH($A7, 'KZ-normalized'!$A:$A, 0))), 0), 0))+(IFERROR(IF(3*INDEX('UZ-normalized'!$D:$D, MATCH($A7, 'UZ-normalized'!$A:$A, 0))-INDEX('UZ-normalized'!$E:$E, MATCH($A7, 'UZ-normalized'!$A:$A, 0))>0, -(3*INDEX('UZ-normalized'!$D:$D, MATCH($A7, 'UZ-normalized'!$A:$A, 0))-INDEX('UZ-normalized'!$E:$E, MATCH($A7, 'UZ-normalized'!$A:$A, 0))), 0), 0))) -> -10 | R7: =MIN(0, N7+(IFERROR(IF(4*INDEX('UA-normalized'!$D:$D, MATCH($A7, 'UA-normalized'!$A:$A, 0))-INDEX('UA-normalized'!$E:$E, MATCH($A7, 'UA-normalized'!$A:$A, 0))>0, -(4*INDEX('UA-normalized'!$D:$D, MATCH($A7, 'UA-normalized'!$A:$A, 0))-INDEX('UA-normalized'!$E:$E, MATCH($A7, 'UA-normalized'!$A:$A, 0))), 0), 0))+(IFERROR(IF(4*INDEX('KZ-normalized'!$D:$D, MATCH($A7, 'KZ-normalized'!$A:$A, 0))-INDEX('KZ-normalized'!$E:$E, MATCH($A7, 'KZ-normalized'!$A:$A, 0))>0, -(4*INDEX('KZ-normalized'!$D:$D, MATCH($A7, 'KZ-normalized'!$A:$A, 0))-INDEX('KZ-normalized'!$E:$E, MATCH($A7, 'KZ-normalized'!$A:$A, 0))), 0), 0))+(IFERROR(IF(4*INDEX('UZ-normalized'!$D:$D, MATCH($A7, 'UZ-normalized'!$A:$A, 0))-INDEX('UZ-normalized'!$E:$E, MATCH($A7, 'UZ-normalized'!$A:$A, 0))>0, -(4*INDEX('UZ-normalized'!$D:$D, MATCH($A7, 'UZ-normalized'!$A:$A, 0))-INDEX('UZ-normalized'!$E:$E, MATCH($A7, 'UZ-normalized'!$A:$A, 0))), 0), 0))) -> -10 | S7: =MIN(0, N7+(IFERROR(IF(5*INDEX('UA-normalized'!$D:$D, MATCH($A7, 'UA-normalized'!$A:$A, 0))-INDEX('UA-normalized'!$E:$E, MATCH($A7, 'UA-normalized'!$A:$A, 0))>0, -(5*INDEX('UA-normalized'!$D:$D, MATCH($A7, 'UA-normalized'!$A:$A, 0))-INDEX('UA-normalized'!$E:$E, MATCH($A7, 'UA-normalized'!$A:$A, 0))), 0), 0))+(IFERROR(IF(5*INDEX('KZ-normalized'!$D:$D, MATCH($A7, 'KZ-normalized'!$A:$A, 0))-INDEX('KZ-normalized'!$E:$E, MATCH($A7, 'KZ-normalized'!$A:$A, 0))>0, -(5*INDEX('KZ-normalized'!$D:$D, MATCH($A7, 'KZ-normalized'!$A:$A, 0))-INDEX('KZ-normalized'!$E:$E, MATCH($A7, 'KZ-normalized'!$A:$A, 0))), 0), 0))+(IFERROR(IF(5*INDEX('UZ-normalized'!$D:$D, MATCH($A7, 'UZ-normalized'!$A:$A, 0))-INDEX('UZ-normalized'!$E:$E, MATCH($A7, 'UZ-normalized'!$A:$A, 0))>0, -(5*INDEX('UZ-normalized'!$D:$D, MATCH($A7, 'UZ-normalized'!$A:$A, 0))-INDEX('UZ-normalized'!$E:$E, MATCH($A7, 'UZ-normalized'!$A:$A, 0))), 0), 0))) -> -24.5 | T7: =MIN(0, N7+(IFERROR(IF(6*INDEX('UA-normalized'!$D:$D, MATCH($A7, 'UA-normalized'!$A:$A, 0))-INDEX('UA-normalized'!$E:$E, MATCH($A7, 'UA-normalized'!$A:$A, 0))>0, -(6*INDEX('UA-normalized'!$D:$D, MATCH($A7, 'UA-normalized'!$A:$A, 0))-INDEX('UA-normalized'!$E:$E, MATCH($A7, 'UA-normalized'!$A:$A, 0))), 0), 0))+(IFERROR(IF(6*INDEX('KZ-normalized'!$D:$D, MATCH($A7, 'KZ-normalized'!$A:$A, 0))-INDEX('KZ-normalized'!$E:$E, MATCH($A7, 'KZ-normalized'!$A:$A, 0))>0, -(6*INDEX('KZ-normalized'!$D:$D, MATCH($A7, 'KZ-normalized'!$A:$A, 0))-INDEX('KZ-normalized'!$E:$E, MATCH($A7, 'KZ-normalized'!$A:$A, 0))), 0), 0))+(IFERROR(IF(6*INDEX('UZ-normalized'!$D:$D, MATCH($A7, 'UZ-normalized'!$A:$A, 0))-INDEX('UZ-normalized'!$E:$E, MATCH($A7, 'UZ-normalized'!$A:$A, 0))>0, -(6*INDEX('UZ-normalized'!$D:$D, MATCH($A7, 'UZ-normalized'!$A:$A, 0))-INDEX('UZ-normalized'!$E:$E, MATCH($A7, 'UZ-normalized'!$A:$A, 0))), 0), 0))) -> -43.6 | U7: =MIN(0, N7+(IFERROR(IF(7*INDEX('UA-normalized'!$D:$D, MATCH($A7, 'UA-normalized'!$A:$A, 0))-INDEX('UA-normalized'!$E:$E, MATCH($A7, 'UA-normalized'!$A:$A, 0))>0, -(7*INDEX('UA-normalized'!$D:$D, MATCH($A7, 'UA-normalized'!$A:$A, 0))-INDEX('UA-normalized'!$E:$E, MATCH($A7, 'UA-normalized'!$A:$A, 0))), 0), 0))+(IFERROR(IF(7*INDEX('KZ-normalized'!$D:$D, MATCH($A7, 'KZ-normalized'!$A:$A, 0))-INDEX('KZ-normalized'!$E:$E, MATCH($A7, 'KZ-normalized'!$A:$A, 0))>0, -(7*INDEX('KZ-normalized'!$D:$D, MATCH($A7, 'KZ-normalized'!$A:$A, 0))-INDEX('KZ-normalized'!$E:$E, MATCH($A7, 'KZ-normalized'!$A:$A, 0))), 0), 0))+(IFERROR(IF(7*INDEX('UZ-normalized'!$D:$D, MATCH($A7, 'UZ-normalized'!$A:$A, 0))-INDEX('UZ-normalized'!$E:$E, MATCH($A7, 'UZ-normalized'!$A:$A, 0))>0, -(7*INDEX('UZ-normalized'!$D:$D, MATCH($A7, 'UZ-normalized'!$A:$A, 0))-INDEX('UZ-normalized'!$E:$E, MATCH($A7, 'UZ-normalized'!$A:$A, 0))), 0), 0))) -> -62.7 | V7: =MIN(0, N7+(IFERROR(IF(8*INDEX('UA-normalized'!$D:$D, MATCH($A7, 'UA-normalized'!$A:$A, 0))-INDEX('UA-normalized'!$E:$E, MATCH($A7, 'UA-normalized'!$A:$A, 0))>0, -(8*INDEX('UA-normalized'!$D:$D, MATCH($A7, 'UA-normalized'!$A:$A, 0))-INDEX('UA-normalized'!$E:$E, MATCH($A7, 'UA-normalized'!$A:$A, 0))), 0), 0))+(IFERROR(IF(8*INDEX('KZ-normalized'!$D:$D, MATCH($A7, 'KZ-normalized'!$A:$A, 0))-INDEX('KZ-normalized'!$E:$E, MATCH($A7, 'KZ-normalized'!$A:$A, 0))>0, -(8*INDEX('KZ-normalized'!$D:$D, MATCH($A7, 'KZ-normalized'!$A:$A, 0))-INDEX('KZ-normalized'!$E:$E, MATCH($A7, 'KZ-normalized'!$A:$A, 0))), 0), 0))+(IFERROR(IF(8*INDEX('UZ-normalized'!$D:$D, MATCH($A7, 'UZ-normalized'!$A:$A, 0))-INDEX('UZ-normalized'!$E:$E, MATCH($A7, 'UZ-normalized'!$A:$A, 0))>0, -(8*INDEX('UZ-normalized'!$D:$D, MATCH($A7, 'UZ-normalized'!$A:$A, 0))-INDEX('UZ-normalized'!$E:$E, MATCH($A7, 'UZ-normalized'!$A:$A, 0))), 0), 0))) -> -81.8 | W7: =MIN(0, N7+(IFERROR(IF(9*INDEX('UA-normalized'!$D:$D, MATCH($A7, 'UA-normalized'!$A:$A, 0))-INDEX('UA-normalized'!$E:$E, MATCH($A7, 'UA-normalized'!$A:$A, 0))>0, -(9*INDEX('UA-normalized'!$D:$D, MATCH($A7, 'UA-normalized'!$A:$A, 0))-INDEX('UA-normalized'!$E:$E, MATCH($A7, 'UA-normalized'!$A:$A, 0))), 0), 0))+(IFERROR(IF(9*INDEX('KZ-normalized'!$D:$D, MATCH($A7, 'KZ-normalized'!$A:$A, 0))-INDEX('KZ-normalized'!$E:$E, MATCH($A7, 'KZ-normalized'!$A:$A, 0))>0, -(9*INDEX('KZ-normalized'!$D:$D, MATCH($A7, 'KZ-normalized'!$A:$A, 0))-INDEX('KZ-normalized'!$E:$E, MATCH($A7, 'KZ-normalized'!$A:$A, 0))), 0), 0))+(IFERROR(IF(9*INDEX('UZ-normalized'!$D:$D, MATCH($A7, 'UZ-normalized'!$A:$A, 0))-INDEX('UZ-normalized'!$E:$E, MATCH($A7, 'UZ-normalized'!$A:$A, 0))>0, -(9*INDEX('UZ-normalized'!$D:$D, MATCH($A7, 'UZ-normalized'!$A:$A, 0))-INDEX('UZ-normalized'!$E:$E, MATCH($A7, 'UZ-normalized'!$A:$A, 0))), 0), 0))) -> -100.9 | X7: =MIN(0, N7+(IFERROR(IF(10*INDEX('UA-normalized'!$D:$D, MATCH($A7, 'UA-normalized'!$A:$A, 0))-INDEX('UA-normalized'!$E:$E, MATCH($A7, 'UA-normalized'!$A:$A, 0))>0, -(10*INDEX('UA-normalized'!$D:$D, MATCH($A7, 'UA-normalized'!$A:$A, 0))-INDEX('UA-normalized'!$E:$E, MATCH($A7, 'UA-normalized'!$A:$A, 0))), 0), 0))+(IFERROR(IF(10*INDEX('KZ-normalized'!$D:$D, MATCH($A7, 'KZ-normalized'!$A:$A, 0))-INDEX('KZ-normalized'!$E:$E, MATCH($A7, 'KZ-normalized'!$A:$A, 0))>0, -(10*INDEX('KZ-normalized'!$D:$D, MATCH($A7, 'KZ-normalized'!$A:$A, 0))-INDEX('KZ-normalized'!$E:$E, MATCH($A7, 'KZ-normalized'!$A:$A, 0))), 0), 0))+(IFERROR(IF(10*INDEX('UZ-normalized'!$D:$D, MATCH($A7, 'UZ-normalized'!$A:$A, 0))-INDEX('UZ-normalized'!$E:$E, MATCH($A7, 'UZ-normalized'!$A:$A, 0))>0, -(10*INDEX('UZ-normalized'!$D:$D, MATCH($A7, 'UZ-normalized'!$A:$A, 0))-INDEX('UZ-normalized'!$E:$E, MATCH($A7, 'UZ-normalized'!$A:$A, 0))), 0), 0))) -> -120 | Y7: =MIN(0, N7+(IFERROR(IF(11*INDEX('UA-normalized'!$D:$D, MATCH($A7, 'UA-normalized'!$A:$A, 0))-INDEX('UA-normalized'!$E:$E, MATCH($A7, 'UA-normalized'!$A:$A, 0))>0, -(11*INDEX('UA-normalized'!$D:$D, MATCH($A7, 'UA-normalized'!$A:$A, 0))-INDEX('UA-normalized'!$E:$E, MATCH($A7, 'UA-normalized'!$A:$A, 0))), 0), 0))+(IFERROR(IF(11*INDEX('KZ-normalized'!$D:$D, MATCH($A7, 'KZ-normalized'!$A:$A, 0))-INDEX('KZ-normalized'!$E:$E, MATCH($A7, 'KZ-normalized'!$A:$A, 0))>0, -(11*INDEX('KZ-normalized'!$D:$D, MATCH($A7, 'KZ-normalized'!$A:$A, 0))-INDEX('KZ-normalized'!$E:$E, MATCH($A7, 'KZ-normalized'!$A:$A, 0))), 0), 0))+(IFERROR(IF(11*INDEX('UZ-normalized'!$D:$D, MATCH($A7, 'UZ-normalized'!$A:$A, 0))-INDEX('UZ-normalized'!$E:$E, MATCH($A7, 'UZ-normalized'!$A:$A, 0))>0, -(11*INDEX('UZ-normalized'!$D:$D, MATCH($A7, 'UZ-normalized'!$A:$A, 0))-INDEX('UZ-normalized'!$E:$E, MATCH($A7, 'UZ-normalized'!$A:$A, 0))), 0), 0))) -> -139.1 | Z7: =MIN(0, N7+(IFERROR(IF(12*INDEX('UA-normalized'!$D:$D, MATCH($A7, 'UA-normalized'!$A:$A, 0))-INDEX('UA-normalized'!$E:$E, MATCH($A7, 'UA-normalized'!$A:$A, 0))>0, -(12*INDEX('UA-normalized'!$D:$D, MATCH($A7, 'UA-normalized'!$A:$A, 0))-INDEX('UA-normalized'!$E:$E, MATCH($A7, 'UA-normalized'!$A:$A, 0))), 0), 0))+(IFERROR(IF(12*INDEX('KZ-normalized'!$D:$D, MATCH($A7, 'KZ-normalized'!$A:$A, 0))-INDEX('KZ-normalized'!$E:$E, MATCH($A7, 'KZ-normalized'!$A:$A, 0))>0, -(12*INDEX('KZ-normalized'!$D:$D, MATCH($A7, 'KZ-normalized'!$A:$A, 0))-INDEX('KZ-normalized'!$E:$E, MATCH($A7, 'KZ-normalized'!$A:$A, 0))), 0), 0))+(IFERROR(IF(12*INDEX('UZ-normalized'!$D:$D, MATCH($A7, 'UZ-normalized'!$A:$A, 0))-INDEX('UZ-normalized'!$E:$E, MATCH($A7, 'UZ-normalized'!$A:$A, 0))>0, -(12*INDEX('UZ-normalized'!$D:$D, MATCH($A7, 'UZ-normalized'!$A:$A, 0))-INDEX('UZ-normalized'!$E:$E, MATCH($A7, 'UZ-normalized'!$A:$A, 0))), 0), 0))) -> -158.2 | AA7: =MIN(0, N7+(IFERROR(IF(13*INDEX('UA-normalized'!$D:$D, MATCH($A7, 'UA-normalized'!$A:$A, 0))-INDEX('UA-normalized'!$E:$E, MATCH($A7, 'UA-normalized'!$A:$A, 0))>0, -(13*INDEX('UA-normalized'!$D:$D, MATCH($A7, 'UA-normalized'!$A:$A, 0))-INDEX('UA-normalized'!$E:$E, MATCH($A7, 'UA-normalized'!$A:$A, 0))), 0), 0))+(IFERROR(IF(13*INDEX('KZ-normalized'!$D:$D, MATCH($A7, 'KZ-normalized'!$A:$A, 0))-INDEX('KZ-normalized'!$E:$E, MATCH($A7, 'KZ-normalized'!$A:$A, 0))>0, -(13*INDEX('KZ-normalized'!$D:$D, MATCH($A7, 'KZ-normalized'!$A:$A, 0))-INDEX('KZ-normalized'!$E:$E, MATCH($A7, 'KZ-normalized'!$A:$A, 0))), 0), 0))+(IFERROR(IF(13*INDEX('UZ-normalized'!$D:$D, MATCH($A7, 'UZ-normalized'!$A:$A, 0))-INDEX('UZ-normalized'!$E:$E, MATCH($A7, 'UZ-normalized'!$A:$A, 0))>0, -(13*INDEX('UZ-normalized'!$D:$D, MATCH($A7, 'UZ-normalized'!$A:$A, 0))-INDEX('UZ-normalized'!$E:$E, MATCH($A7, 'UZ-normalized'!$A:$A, 0))), 0), 0))) -> -177.3 | AB7: =MIN(0, N7+(IFERROR(IF(14*INDEX('UA-normalized'!$D:$D, MATCH($A7, 'UA-normalized'!$A:$A, 0))-INDEX('UA-normalized'!$E:$E, MATCH($A7, 'UA-normalized'!$A:$A, 0))>0, -(14*INDEX('UA-normalized'!$D:$D, MATCH($A7, 'UA-normalized'!$A:$A, 0))-INDEX('UA-normalized'!$E:$E, MATCH($A7, 'UA-normalized'!$A:$A, 0))), 0), 0))+(IFERROR(IF(14*INDEX('KZ-normalized'!$D:$D, MATCH($A7, 'KZ-normalized'!$A:$A, 0))-INDEX('KZ-normalized'!$E:$E, MATCH($A7, 'KZ-normalized'!$A:$A, 0))>0, -(14*INDEX('KZ-normalized'!$D:$D, MATCH($A7, 'KZ-normalized'!$A:$A, 0))-INDEX('KZ-normalized'!$E:$E, MATCH($A7, 'KZ-normalized'!$A:$A, 0))), 0), 0))+(IFERROR(IF(14*INDEX('UZ-normalized'!$D:$D, MATCH($A7, 'UZ-normalized'!$A:$A, 0))-INDEX('UZ-normalized'!$E:$E, MATCH($A7, 'UZ-normalized'!$A:$A, 0))>0, -(14*INDEX('UZ-normalized'!$D:$D, MATCH($A7, 'UZ-normalized'!$A:$A, 0))-INDEX('UZ-normalized'!$E:$E, MATCH($A7, 'UZ-normalized'!$A:$A, 0))), 0), 0))) -> -196.4 | AC7: =MIN(0, N7+(IFERROR(IF(15*INDEX('UA-normalized'!$D:$D, MATCH($A7, 'UA-normalized'!$A:$A, 0))-INDEX('UA-normalized'!$E:$E, MATCH($A7, 'UA-normalized'!$A:$A, 0))>0, -(15*INDEX('UA-normalized'!$D:$D, MATCH($A7, 'UA-normalized'!$A:$A, 0))-INDEX('UA-normalized'!$E:$E, MATCH($A7, 'UA-normalized'!$A:$A, 0))), 0), 0))+(IFERROR(IF(15*INDEX('KZ-normalized'!$D:$D, MATCH($A7, 'KZ-normalized'!$A:$A, 0))-INDEX('KZ-normalized'!$E:$E, MATCH($A7, 'KZ-normalized'!$A:$A, 0))>0, -(15*INDEX('KZ-normalized'!$D:$D, MATCH($A7, 'KZ-normalized'!$A:$A, 0))-INDEX('KZ-normalized'!$E:$E, MATCH($A7, 'KZ-normalized'!$A:$A, 0))), 0), 0))+(IFERROR(IF(15*INDEX('UZ-normalized'!$D:$D, MATCH($A7, 'UZ-normalized'!$A:$A, 0))-INDEX('UZ-normalized'!$E:$E, MATCH($A7, 'UZ-normalized'!$A:$A, 0))>0, -(15*INDEX('UZ-normalized'!$D:$D, MATCH($A7, 'UZ-normalized'!$A:$A, 0))-INDEX('UZ-normalized'!$E:$E, MATCH($A7, 'UZ-normalized'!$A:$A, 0))), 0), 0))) -> -215.5 | AD7: =MIN(0, N7+(IFERROR(IF(16*INDEX('UA-normalized'!$D:$D, MATCH($A7, 'UA-normalized'!$A:$A, 0))-INDEX('UA-normalized'!$E:$E, MATCH($A7, 'UA-normalized'!$A:$A, 0))>0, -(16*INDEX('UA-normalized'!$D:$D, MATCH($A7, 'UA-normalized'!$A:$A, 0))-INDEX('UA-normalized'!$E:$E, MATCH($A7, 'UA-normalized'!$A:$A, 0))), 0), 0))+(IFERROR(IF(16*INDEX('KZ-normalized'!$D:$D, MATCH($A7, 'KZ-normalized'!$A:$A, 0))-INDEX('KZ-normalized'!$E:$E, MATCH($A7, 'KZ-normalized'!$A:$A, 0))>0, -(16*INDEX('KZ-normalized'!$D:$D, MATCH($A7, 'KZ-normalized'!$A:$A, 0))-INDEX('KZ-normalized'!$E:$E, MATCH($A7, 'KZ-normalized'!$A:$A, 0))), 0), 0))+(IFERROR(IF(16*INDEX('UZ-normalized'!$D:$D, MATCH($A7, 'UZ-normalized'!$A:$A, 0))-INDEX('UZ-normalized'!$E:$E, MATCH($A7, 'UZ-normalized'!$A:$A, 0))>0, -(16*INDEX('UZ-normalized'!$D:$D, MATCH($A7, 'UZ-normalized'!$A:$A, 0))-INDEX('UZ-normalized'!$E:$E, MATCH($A7, 'UZ-normalized'!$A:$A, 0))), 0), 0))) -> -234.6 | AE7: =MIN(0, N7+(IFERROR(IF(17*INDEX('UA-normalized'!$D:$D, MATCH($A7, 'UA-normalized'!$A:$A, 0))-INDEX('UA-normalized'!$E:$E, MATCH($A7, 'UA-normalized'!$A:$A, 0))>0, -(17*INDEX('UA-normalized'!$D:$D, MATCH($A7, 'UA-normalized'!$A:$A, 0))-INDEX('UA-normalized'!$E:$E, MATCH($A7, 'UA-normalized'!$A:$A, 0))), 0), 0))+(IFERROR(IF(17*INDEX('KZ-normalized'!$D:$D, MATCH($A7, 'KZ-normalized'!$A:$A, 0))-INDEX('KZ-normalized'!$E:$E, MATCH($A7, 'KZ-normalized'!$A:$A, 0))>0, -(17*INDEX('KZ-normalized'!$D:$D, MATCH($A7, 'KZ-normalized'!$A:$A, 0))-INDEX('KZ-normalized'!$E:$E, MATCH($A7, 'KZ-normalized'!$A:$A, 0))), 0), 0))+(IFERROR(IF(17*INDEX('UZ-normalized'!$D:$D, MATCH($A7, 'UZ-normalized'!$A:$A, 0))-INDEX('UZ-normalized'!$E:$E, MATCH($A7, 'UZ-normalized'!$A:$A, 0))>0, -(17*INDEX('UZ-normalized'!$D:$D, MATCH($A7, 'UZ-normalized'!$A:$A, 0))-INDEX('UZ-normalized'!$E:$E, MATCH($A7, 'UZ-normalized'!$A:$A, 0))), 0), 0))) -> -253.7 | AF7: =MIN(0, N7+(IFERROR(IF(18*INDEX('UA-normalized'!$D:$D, MATCH($A7, 'UA-normalized'!$A:$A, 0))-INDEX('UA-normalized'!$E:$E, MATCH($A7, 'UA-normalized'!$A:$A, 0))>0, -(18*INDEX('UA-normalized'!$D:$D, MATCH($A7, 'UA-normalized'!$A:$A, 0))-INDEX('UA-normalized'!$E:$E, MATCH($A7, 'UA-normalized'!$A:$A, 0))), 0), 0))+(IFERROR(IF(18*INDEX('KZ-normalized'!$D:$D, MATCH($A7, 'KZ-normalized'!$A:$A, 0))-INDEX('KZ-normalized'!$E:$E, MATCH($A7, 'KZ-normalized'!$A:$A, 0))>0, -(18*INDEX('KZ-normalized'!$D:$D, MATCH($A7, 'KZ-normalized'!$A:$A, 0))-INDEX('KZ-normalized'!$E:$E, MATCH($A7, 'KZ-normalized'!$A:$A, 0))), 0), 0))+(IFERROR(IF(18*INDEX('UZ-normalized'!$D:$D, MATCH($A7, 'UZ-normalized'!$A:$A, 0))-INDEX('UZ-normalized'!$E:$E, MATCH($A7, 'UZ-normalized'!$A:$A, 0))>0, -(18*INDEX('UZ-normalized'!$D:$D, MATCH($A7, 'UZ-normalized'!$A:$A, 0))-INDEX('UZ-normalized'!$E:$E, MATCH($A7, 'UZ-normalized'!$A:$A, 0))), 0), 0))) -> -272.8 | AG7: =MIN(0, N7+(IFERROR(IF(19*INDEX('UA-normalized'!$D:$D, MATCH($A7, 'UA-normalized'!$A:$A, 0))-INDEX('UA-normalized'!$E:$E, MATCH($A7, 'UA-normalized'!$A:$A, 0))>0, -(19*INDEX('UA-normalized'!$D:$D, MATCH($A7, 'UA-normalized'!$A:$A, 0))-INDEX('UA-normalized'!$E:$E, MATCH($A7, 'UA-normalized'!$A:$A, 0))), 0), 0))+(IFERROR(IF(19*INDEX('KZ-normalized'!$D:$D, MATCH($A7, 'KZ-normalized'!$A:$A, 0))-INDEX('KZ-normalized'!$E:$E, MATCH($A7, 'KZ-normalized'!$A:$A, 0))>0, -(19*INDEX('KZ-normalized'!$D:$D, MATCH($A7, 'KZ-normalized'!$A:$A, 0))-INDEX('KZ-normalized'!$E:$E, MATCH($A7, 'KZ-normalized'!$A:$A, 0))), 0), 0))+(IFERROR(IF(19*INDEX('UZ-normalized'!$D:$D, MATCH($A7, 'UZ-normalized'!$A:$A, 0))-INDEX('UZ-normalized'!$E:$E, MATCH($A7, 'UZ-normalized'!$A:$A, 0))>0, -(19*INDEX('UZ-normalized'!$D:$D, MATCH($A7, 'UZ-normalized'!$A:$A, 0))-INDEX('UZ-normalized'!$E:$E, MATCH($A7, 'UZ-normalized'!$A:$A, 0))), 0), 0))) -> -291.9 | AH7: =MIN(0, N7+(IFERROR(IF(20*INDEX('UA-normalized'!$D:$D, MATCH($A7, 'UA-normalized'!$A:$A, 0))-INDEX('UA-normalized'!$E:$E, MATCH($A7, 'UA-normalized'!$A:$A, 0))>0, -(20*INDEX('UA-normalized'!$D:$D, MATCH($A7, 'UA-normalized'!$A:$A, 0))-INDEX('UA-normalized'!$E:$E, MATCH($A7, 'UA-normalized'!$A:$A, 0))), 0), 0))+(IFERROR(IF(20*INDEX('KZ-normalized'!$D:$D, MATCH($A7, 'KZ-normalized'!$A:$A, 0))-INDEX('KZ-normalized'!$E:$E, MATCH($A7, 'KZ-normalized'!$A:$A, 0))>0, -(20*INDEX('KZ-normalized'!$D:$D, MATCH($A7, 'KZ-normalized'!$A:$A, 0))-INDEX('KZ-normalized'!$E:$E, MATCH($A7, 'KZ-normalized'!$A:$A, 0))), 0), 0))+(IFERROR(IF(20*INDEX('UZ-normalized'!$D:$D, MATCH($A7, 'UZ-normalized'!$A:$A, 0))-INDEX('UZ-normalized'!$E:$E, MATCH($A7, 'UZ-normalized'!$A:$A, 0))>0, -(20*INDEX('UZ-normalized'!$D:$D, MATCH($A7, 'UZ-normalized'!$A:$A, 0))-INDEX('UZ-normalized'!$E:$E, MATCH($A7, 'UZ-normalized'!$A:$A, 0))), 0), 0))) -> -311 | AI7: =MIN(0, N7+(IFERROR(IF(21*INDEX('UA-normalized'!$D:$D, MATCH($A7, 'UA-normalized'!$A:$A, 0))-INDEX('UA-normalized'!$E:$E, MATCH($A7, 'UA-normalized'!$A:$A, 0))>0, -(21*INDEX('UA-normalized'!$D:$D, MATCH($A7, 'UA-normalized'!$A:$A, 0))-INDEX('UA-normalized'!$E:$E, MATCH($A7, 'UA-normalized'!$A:$A, 0))), 0), 0))+(IFERROR(IF(21*INDEX('KZ-normalized'!$D:$D, MATCH($A7, 'KZ-normalized'!$A:$A, 0))-INDEX('KZ-normalized'!$E:$E, MATCH($A7, 'KZ-normalized'!$A:$A, 0))>0, -(21*INDEX('KZ-normalized'!$D:$D, MATCH($A7, 'KZ-normalized'!$A:$A, 0))-INDEX('KZ-normalized'!$E:$E, MATCH($A7, 'KZ-normalized'!$A:$A, 0))), 0), 0))+(IFERROR(IF(21*INDEX('UZ-normalized'!$D:$D, MATCH($A7, 'UZ-normalized'!$A:$A, 0))-INDEX('UZ-normalized'!$E:$E, MATCH($A7, 'UZ-normalized'!$A:$A, 0))>0, -(21*INDEX('UZ-normalized'!$D:$D, MATCH($A7, 'UZ-normalized'!$A:$A, 0))-INDEX('UZ-normalized'!$E:$E, MATCH($A7, 'UZ-normalized'!$A:$A, 0))), 0), 0))) -> -330.1 | AJ7: =MIN(0, N7+(IFERROR(IF(22*INDEX('UA-normalized'!$D:$D, MATCH($A7, 'UA-normalized'!$A:$A, 0))-INDEX('UA-normalized'!$E:$E, MATCH($A7, 'UA-normalized'!$A:$A, 0))>0, -(22*INDEX('UA-normalized'!$D:$D, MATCH($A7, 'UA-normalized'!$A:$A, 0))-INDEX('UA-normalized'!$E:$E, MATCH($A7, 'UA-normalized'!$A:$A, 0))), 0), 0))+(IFERROR(IF(22*INDEX('KZ-normalized'!$D:$D, MATCH($A7, 'KZ-normalized'!$A:$A, 0))-INDEX('KZ-normalized'!$E:$E, MATCH($A7, 'KZ-normalized'!$A:$A, 0))>0, -(22*INDEX('KZ-normalized'!$D:$D, MATCH($A7, 'KZ-normalized'!$A:$A, 0))-INDEX('KZ-normalized'!$E:$E, MATCH($A7, 'KZ-normalized'!$A:$A, 0))), 0), 0))+(IFERROR(IF(22*INDEX('UZ-normalized'!$D:$D, MATCH($A7, 'UZ-normalized'!$A:$A, 0))-INDEX('UZ-normalized'!$E:$E, MATCH($A7, 'UZ-normalized'!$A:$A, 0))>0, -(22*INDEX('UZ-normalized'!$D:$D, MATCH($A7, 'UZ-normalized'!$A:$A, 0))-INDEX('UZ-normalized'!$E:$E, MATCH($A7, 'UZ-normalized'!$A:$A, 0))), 0), 0))) -> -349.2 | AK7: =MIN(0, N7+(IFERROR(IF(23*INDEX('UA-normalized'!$D:$D, MATCH($A7, 'UA-normalized'!$A:$A, 0))-INDEX('UA-normalized'!$E:$E, MATCH($A7, 'UA-normalized'!$A:$A, 0))>0, -(23*INDEX('UA-normalized'!$D:$D, MATCH($A7, 'UA-normalized'!$A:$A, 0))-INDEX('UA-normalized'!$E:$E, MATCH($A7, 'UA-normalized'!$A:$A, 0))), 0), 0))+(IFERROR(IF(23*INDEX('KZ-normalized'!$D:$D, MATCH($A7, 'KZ-normalized'!$A:$A, 0))-INDEX('KZ-normalized'!$E:$E, MATCH($A7, 'KZ-normalized'!$A:$A, 0))>0, -(23*INDEX('KZ-normalized'!$D:$D, MATCH($A7, 'KZ-normalized'!$A:$A, 0))-INDEX('KZ-normalized'!$E:$E, MATCH($A7, 'KZ-normalized'!$A:$A, 0))), 0), 0))+(IFERROR(IF(23*INDEX('UZ-normalized'!$D:$D, MATCH($A7, 'UZ-normalized'!$A:$A, 0))-INDEX('UZ-normalized'!$E:$E, MATCH($A7, 'UZ-normalized'!$A:$A, 0))>0, -(23*INDEX('UZ-normalized'!$D:$D, MATCH($A7, 'UZ-normalized'!$A:$A, 0))-INDEX('UZ-normalized'!$E:$E, MATCH($A7, 'UZ-normalized'!$A:$A, 0))), 0), 0))) -> -368.3 | AL7: =MIN(0, N7+(IFERROR(IF(24*INDEX('UA-normalized'!$D:$D, MATCH($A7, 'UA-normalized'!$A:$A, 0))-INDEX('UA-normalized'!$E:$E, MATCH($A7, 'UA-normalized'!$A:$A, 0))>0, -(24*INDEX('UA-normalized'!$D:$D, MATCH($A7, 'UA-normalized'!$A:$A, 0))-INDEX('UA-normalized'!$E:$E, MATCH($A7, 'UA-normalized'!$A:$A, 0))), 0), 0))+(IFERROR(IF(24*INDEX('KZ-normalized'!$D:$D, MATCH($A7, 'KZ-normalized'!$A:$A, 0))-INDEX('KZ-normalized'!$E:$E, MATCH($A7, 'KZ-normalized'!$A:$A, 0))>0, -(24*INDEX('KZ-normalized'!$D:$D, MATCH($A7, 'KZ-normalized'!$A:$A, 0))-INDEX('KZ-normalized'!$E:$E, MATCH($A7, 'KZ-normalized'!$A:$A, 0))), 0), 0))+(IFERROR(IF(24*INDEX('UZ-normalized'!$D:$D, MATCH($A7, 'UZ-normalized'!$A:$A, 0))-INDEX('UZ-normalized'!$E:$E, MATCH($A7, 'UZ-normalized'!$A:$A, 0))>0, -(24*INDEX('UZ-normalized'!$D:$D, MATCH($A7, 'UZ-normalized'!$A:$A, 0))-INDEX('UZ-normalized'!$E:$E, MATCH($A7, 'UZ-normalized'!$A:$A, 0))), 0), 0))) -> -387.4 | AM7: =MIN(0, N7+(IFERROR(IF(25*INDEX('UA-normalized'!$D:$D, MATCH($A7, 'UA-normalized'!$A:$A, 0))-INDEX('UA-normalized'!$E:$E, MATCH($A7, 'UA-normalized'!$A:$A, 0))>0, -(25*INDEX('UA-normalized'!$D:$D, MATCH($A7, 'UA-normalized'!$A:$A, 0))-INDEX('UA-normalized'!$E:$E, MATCH($A7, 'UA-normalized'!$A:$A, 0))), 0), 0))+(IFERROR(IF(25*INDEX('KZ-normalized'!$D:$D, MATCH($A7, 'KZ-normalized'!$A:$A, 0))-INDEX('KZ-normalized'!$E:$E, MATCH($A7, 'KZ-normalized'!$A:$A, 0))>0, -(25*INDEX('KZ-normalized'!$D:$D, MATCH($A7, 'KZ-normalized'!$A:$A, 0))-INDEX('KZ-normalized'!$E:$E, MATCH($A7, 'KZ-normalized'!$A:$A, 0))), 0), 0))+(IFERROR(IF(25*INDEX('UZ-normalized'!$D:$D, MATCH($A7, 'UZ-normalized'!$A:$A, 0))-INDEX('UZ-normalized'!$E:$E, MATCH($A7, 'UZ-normalized'!$A:$A, 0))>0, -(25*INDEX('UZ-normalized'!$D:$D, MATCH($A7, 'UZ-normalized'!$A:$A, 0))-INDEX('UZ-normalized'!$E:$E, MATCH($A7, 'UZ-normalized'!$A:$A, 0))), 0), 0))) -> -406.5 | AN7: =MIN(0, N7+(IFERROR(IF(26*INDEX('UA-normalized'!$D:$D, MATCH($A7, 'UA-normalized'!$A:$A, 0))-INDEX('UA-normalized'!$E:$E, MATCH($A7, 'UA-normalized'!$A:$A, 0))>0, -(26*INDEX('UA-normalized'!$D:$D, MATCH($A7, 'UA-normalized'!$A:$A, 0))-INDEX('UA-normalized'!$E:$E, MATCH($A7, 'UA-normalized'!$A:$A, 0))), 0), 0))+(IFERROR(IF(26*INDEX('KZ-normalized'!$D:$D, MATCH($A7, 'KZ-normalized'!$A:$A, 0))-INDEX('KZ-normalized'!$E:$E, MATCH($A7, 'KZ-normalized'!$A:$A, 0))>0, -(26*INDEX('KZ-normalized'!$D:$D, MATCH($A7, 'KZ-normalized'!$A:$A, 0))-INDEX('KZ-normalized'!$E:$E, MATCH($A7, 'KZ-normalized'!$A:$A, 0))), 0), 0))+(IFERROR(IF(26*INDEX('UZ-normalized'!$D:$D, MATCH($A7, 'UZ-normalized'!$A:$A, 0))-INDEX('UZ-normalized'!$E:$E, MATCH($A7, 'UZ-normalized'!$A:$A, 0))>0, -(26*INDEX('UZ-normalized'!$D:$D, MATCH($A7, 'UZ-normalized'!$A:$A, 0))-INDEX('UZ-normalized'!$E:$E, MATCH($A7, 'UZ-normalized'!$A:$A, 0))), 0), 0))) -> -425.6 | AO7: =MIN(0, N7+(IFERROR(IF(27*INDEX('UA-normalized'!$D:$D, MATCH($A7, 'UA-normalized'!$A:$A, 0))-INDEX('UA-normalized'!$E:$E, MATCH($A7, 'UA-normalized'!$A:$A, 0))>0, -(27*INDEX('UA-normalized'!$D:$D, MATCH($A7, 'UA-normalized'!$A:$A, 0))-INDEX('UA-normalized'!$E:$E, MATCH($A7, 'UA-normalized'!$A:$A, 0))), 0), 0))+(IFERROR(IF(27*INDEX('KZ-normalized'!$D:$D, MATCH($A7, 'KZ-normalized'!$A:$A, 0))-INDEX('KZ-normalized'!$E:$E, MATCH($A7, 'KZ-normalized'!$A:$A, 0))>0, -(27*INDEX('KZ-normalized'!$D:$D, MATCH($A7, 'KZ-normalized'!$A:$A, 0))-INDEX('KZ-normalized'!$E:$E, MATCH($A7, 'KZ-normalized'!$A:$A, 0))), 0), 0))+(IFERROR(IF(27*INDEX('UZ-normalized'!$D:$D, MATCH($A7, 'UZ-normalized'!$A:$A, 0))-INDEX('UZ-normalized'!$E:$E, MATCH($A7, 'UZ-normalized'!$A:$A, 0))>0, -(27*INDEX('UZ-normalized'!$D:$D, MATCH($A7, 'UZ-normalized'!$A:$A, 0))-INDEX('UZ-normalized'!$E:$E, MATCH($A7, 'UZ-normalized'!$A:$A, 0))), 0), 0))) -> -444.7 | AP7: =MIN(0, N7+(IFERROR(IF(28*INDEX('UA-normalized'!$D:$D, MATCH($A7, 'UA-normalized'!$A:$A, 0))-INDEX('UA-normalized'!$E:$E, MATCH($A7, 'UA-normalized'!$A:$A, 0))>0, -(28*INDEX('UA-normalized'!$D:$D, MATCH($A7, 'UA-normalized'!$A:$A, 0))-INDEX('UA-normalized'!$E:$E, MATCH($A7, 'UA-normalized'!$A:$A, 0))), 0), 0))+(IFERROR(IF(28*INDEX('KZ-normalized'!$D:$D, MATCH($A7, 'KZ-normalized'!$A:$A, 0))-INDEX('KZ-normalized'!$E:$E, MATCH($A7, 'KZ-normalized'!$A:$A, 0))>0, -(28*INDEX('KZ-normalized'!$D:$D, MATCH($A7, 'KZ-normalized'!$A:$A, 0))-INDEX('KZ-normalized'!$E:$E, MATCH($A7, 'KZ-normalized'!$A:$A, 0))), 0), 0))+(IFERROR(IF(28*INDEX('UZ-normalized'!$D:$D, MATCH($A7, 'UZ-normalized'!$A:$A, 0))-INDEX('UZ-normalized'!$E:$E, MATCH($A7, 'UZ-normalized'!$A:$A, 0))>0, -(28*INDEX('UZ-normalized'!$D:$D, MATCH($A7, 'UZ-normalized'!$A:$A, 0))-INDEX('UZ-normalized'!$E:$E, MATCH($A7, 'UZ-normalized'!$A:$A, 0))), 0), 0))) -> -463.8 | AQ7: =MIN(0, N7+(IFERROR(IF(29*INDEX('UA-normalized'!$D:$D, MATCH($A7, 'UA-normalized'!$A:$A, 0))-INDEX('UA-normalized'!$E:$E, MATCH($A7, 'UA-normalized'!$A:$A, 0))>0, -(29*INDEX('UA-normalized'!$D:$D, MATCH($A7, 'UA-normalized'!$A:$A, 0))-INDEX('UA-normalized'!$E:$E, MATCH($A7, 'UA-normalized'!$A:$A, 0))), 0), 0))+(IFERROR(IF(29*INDEX('KZ-normalized'!$D:$D, MATCH($A7, 'KZ-normalized'!$A:$A, 0))-INDEX('KZ-normalized'!$E:$E, MATCH($A7, 'KZ-normalized'!$A:$A, 0))>0, -(29*INDEX('KZ-normalized'!$D:$D, MATCH($A7, 'KZ-normalized'!$A:$A, 0))-INDEX('KZ-normalized'!$E:$E, MATCH($A7, 'KZ-normalized'!$A:$A, 0))), 0), 0))+(IFERROR(IF(29*INDEX('UZ-normalized'!$D:$D, MATCH($A7, 'UZ-normalized'!$A:$A, 0))-INDEX('UZ-normalized'!$E:$E, MATCH($A7, 'UZ-normalized'!$A:$A, 0))>0, -(29*INDEX('UZ-normalized'!$D:$D, MATCH($A7, 'UZ-normalized'!$A:$A, 0))-INDEX('UZ-normalized'!$E:$E, MATCH($A7, 'UZ-normalized'!$A:$A, 0))), 0), 0))) -> -482.9 | AR7: =MIN(0, N7+(IFERROR(IF(30*INDEX('UA-normalized'!$D:$D, MATCH($A7, 'UA-normalized'!$A:$A, 0))-INDEX('UA-normalized'!$E:$E, MATCH($A7, 'UA-normalized'!$A:$A, 0))>0, -(30*INDEX('UA-normalized'!$D:$D, MATCH($A7, 'UA-normalized'!$A:$A, 0))-INDEX('UA-normalized'!$E:$E, MATCH($A7, 'UA-normalized'!$A:$A, 0))), 0), 0))+(IFERROR(IF(30*INDEX('KZ-normalized'!$D:$D, MATCH($A7, 'KZ-normalized'!$A:$A, 0))-INDEX('KZ-normalized'!$E:$E, MATCH($A7, 'KZ-normalized'!$A:$A, 0))>0, -(30*INDEX('KZ-normalized'!$D:$D, MATCH($A7, 'KZ-normalized'!$A:$A, 0))-INDEX('KZ-normalized'!$E:$E, MATCH($A7, 'KZ-normalized'!$A:$A, 0))), 0), 0))+(IFERROR(IF(30*INDEX('UZ-normalized'!$D:$D, MATCH($A7, 'UZ-normalized'!$A:$A, 0))-INDEX('UZ-normalized'!$E:$E, MATCH($A7, 'UZ-normalized'!$A:$A, 0))>0, -(30*INDEX('UZ-normalized'!$D:$D, MATCH($A7, 'UZ-normalized'!$A:$A, 0))-INDEX('UZ-normalized'!$E:$E, MATCH($A7, 'UZ-normalized'!$A:$A, 0))), 0), 0))) -> -502
A8: PR-CHE-47-3549-000-SET | B8: CHE | C8: 3549 | D8: 17-3549-000 | N8: =SUM(E8:M8) -> 0 | O8: =MIN(0, N8+(IFERROR(IF(1*INDEX('UA-normalized'!$D:$D, MATCH($A8, 'UA-normalized'!$A:$A, 0))-INDEX('UA-normalized'!$E:$E, MATCH($A8, 'UA-normalized'!$A:$A, 0))>0, -(1*INDEX('UA-normalized'!$D:$D, MATCH($A8, 'UA-normalized'!$A:$A, 0))-INDEX('UA-normalized'!$E:$E, MATCH($A8, 'UA-normalized'!$A:$A, 0))), 0), 0))+(IFERROR(IF(1*INDEX('KZ-normalized'!$D:$D, MATCH($A8, 'KZ-normalized'!$A:$A, 0))-INDEX('KZ-normalized'!$E:$E, MATCH($A8, 'KZ-normalized'!$A:$A, 0))>0, -(1*INDEX('KZ-normalized'!$D:$D, MATCH($A8, 'KZ-normalized'!$A:$A, 0))-INDEX('KZ-normalized'!$E:$E, MATCH($A8, 'KZ-normalized'!$A:$A, 0))), 0), 0))+(IFERROR(IF(1*INDEX('UZ-normalized'!$D:$D, MATCH($A8, 'UZ-normalized'!$A:$A, 0))-INDEX('UZ-normalized'!$E:$E, MATCH($A8, 'UZ-normalized'!$A:$A, 0))>0, -(1*INDEX('UZ-normalized'!$D:$D, MATCH($A8, 'UZ-normalized'!$A:$A, 0))-INDEX('UZ-normalized'!$E:$E, MATCH($A8, 'UZ-normalized'!$A:$A, 0))), 0), 0))) -> 0 | P8: =MIN(0, N8+(IFERROR(IF(2*INDEX('UA-normalized'!$D:$D, MATCH($A8, 'UA-normalized'!$A:$A, 0))-INDEX('UA-normalized'!$E:$E, MATCH($A8, 'UA-normalized'!$A:$A, 0))>0, -(2*INDEX('UA-normalized'!$D:$D, MATCH($A8, 'UA-normalized'!$A:$A, 0))-INDEX('UA-normalized'!$E:$E, MATCH($A8, 'UA-normalized'!$A:$A, 0))), 0), 0))+(IFERROR(IF(2*INDEX('KZ-normalized'!$D:$D, MATCH($A8, 'KZ-normalized'!$A:$A, 0))-INDEX('KZ-normalized'!$E:$E, MATCH($A8, 'KZ-normalized'!$A:$A, 0))>0, -(2*INDEX('KZ-normalized'!$D:$D, MATCH($A8, 'KZ-normalized'!$A:$A, 0))-INDEX('KZ-normalized'!$E:$E, MATCH($A8, 'KZ-normalized'!$A:$A, 0))), 0), 0))+(IFERROR(IF(2*INDEX('UZ-normalized'!$D:$D, MATCH($A8, 'UZ-normalized'!$A:$A, 0))-INDEX('UZ-normalized'!$E:$E, MATCH($A8, 'UZ-normalized'!$A:$A, 0))>0, -(2*INDEX('UZ-normalized'!$D:$D, MATCH($A8, 'UZ-normalized'!$A:$A, 0))-INDEX('UZ-normalized'!$E:$E, MATCH($A8, 'UZ-normalized'!$A:$A, 0))), 0), 0))) -> 0 | Q8: =MIN(0, N8+(IFERROR(IF(3*INDEX('UA-normalized'!$D:$D, MATCH($A8, 'UA-normalized'!$A:$A, 0))-INDEX('UA-normalized'!$E:$E, MATCH($A8, 'UA-normalized'!$A:$A, 0))>0, -(3*INDEX('UA-normalized'!$D:$D, MATCH($A8, 'UA-normalized'!$A:$A, 0))-INDEX('UA-normalized'!$E:$E, MATCH($A8, 'UA-normalized'!$A:$A, 0))), 0), 0))+(IFERROR(IF(3*INDEX('KZ-normalized'!$D:$D, MATCH($A8, 'KZ-normalized'!$A:$A, 0))-INDEX('KZ-normalized'!$E:$E, MATCH($A8, 'KZ-normalized'!$A:$A, 0))>0, -(3*INDEX('KZ-normalized'!$D:$D, MATCH($A8, 'KZ-normalized'!$A:$A, 0))-INDEX('KZ-normalized'!$E:$E, MATCH($A8, 'KZ-normalized'!$A:$A, 0))), 0), 0))+(IFERROR(IF(3*INDEX('UZ-normalized'!$D:$D, MATCH($A8, 'UZ-normalized'!$A:$A, 0))-INDEX('UZ-normalized'!$E:$E, MATCH($A8, 'UZ-normalized'!$A:$A, 0))>0, -(3*INDEX('UZ-normalized'!$D:$D, MATCH($A8, 'UZ-normalized'!$A:$A, 0))-INDEX('UZ-normalized'!$E:$E, MATCH($A8, 'UZ-normalized'!$A:$A, 0))), 0), 0))) -> 0 | R8: =MIN(0, N8+(IFERROR(IF(4*INDEX('UA-normalized'!$D:$D, MATCH($A8, 'UA-normalized'!$A:$A, 0))-INDEX('UA-normalized'!$E:$E, MATCH($A8, 'UA-normalized'!$A:$A, 0))>0, -(4*INDEX('UA-normalized'!$D:$D, MATCH($A8, 'UA-normalized'!$A:$A, 0))-INDEX('UA-normalized'!$E:$E, MATCH($A8, 'UA-normalized'!$A:$A, 0))), 0), 0))+(IFERROR(IF(4*INDEX('KZ-normalized'!$D:$D, MATCH($A8, 'KZ-normalized'!$A:$A, 0))-INDEX('KZ-normalized'!$E:$E, MATCH($A8, 'KZ-normalized'!$A:$A, 0))>0, -(4*INDEX('KZ-normalized'!$D:$D, MATCH($A8, 'KZ-normalized'!$A:$A, 0))-INDEX('KZ-normalized'!$E:$E, MATCH($A8, 'KZ-normalized'!$A:$A, 0))), 0), 0))+(IFERROR(IF(4*INDEX('UZ-normalized'!$D:$D, MATCH($A8, 'UZ-normalized'!$A:$A, 0))-INDEX('UZ-normalized'!$E:$E, MATCH($A8, 'UZ-normalized'!$A:$A, 0))>0, -(4*INDEX('UZ-normalized'!$D:$D, MATCH($A8, 'UZ-normalized'!$A:$A, 0))-INDEX('UZ-normalized'!$E:$E, MATCH($A8, 'UZ-normalized'!$A:$A, 0))), 0), 0))) -> 0 | S8: =MIN(0, N8+(IFERROR(IF(5*INDEX('UA-normalized'!$D:$D, MATCH($A8, 'UA-normalized'!$A:$A, 0))-INDEX('UA-normalized'!$E:$E, MATCH($A8, 'UA-normalized'!$A:$A, 0))>0, -(5*INDEX('UA-normalized'!$D:$D, MATCH($A8, 'UA-normalized'!$A:$A, 0))-INDEX('UA-normalized'!$E:$E, MATCH($A8, 'UA-normalized'!$A:$A, 0))), 0), 0))+(IFERROR(IF(5*INDEX('KZ-normalized'!$D:$D, MATCH($A8, 'KZ-normalized'!$A:$A, 0))-INDEX('KZ-normalized'!$E:$E, MATCH($A8, 'KZ-normalized'!$A:$A, 0))>0, -(5*INDEX('KZ-normalized'!$D:$D, MATCH($A8, 'KZ-normalized'!$A:$A, 0))-INDEX('KZ-normalized'!$E:$E, MATCH($A8, 'KZ-normalized'!$A:$A, 0))), 0), 0))+(IFERROR(IF(5*INDEX('UZ-normalized'!$D:$D, MATCH($A8, 'UZ-normalized'!$A:$A, 0))-INDEX('UZ-normalized'!$E:$E, MATCH($A8, 'UZ-normalized'!$A:$A, 0))>0, -(5*INDEX('UZ-normalized'!$D:$D, MATCH($A8, 'UZ-normalized'!$A:$A, 0))-INDEX('UZ-normalized'!$E:$E, MATCH($A8, 'UZ-normalized'!$A:$A, 0))), 0), 0))) -> 0 | T8: =MIN(0, N8+(IFERROR(IF(6*INDEX('UA-normalized'!$D:$D, MATCH($A8, 'UA-normalized'!$A:$A, 0))-INDEX('UA-normalized'!$E:$E, MATCH($A8, 'UA-normalized'!$A:$A, 0))>0, -(6*INDEX('UA-normalized'!$D:$D, MATCH($A8, 'UA-normalized'!$A:$A, 0))-INDEX('UA-normalized'!$E:$E, MATCH($A8, 'UA-normalized'!$A:$A, 0))), 0), 0))+(IFERROR(IF(6*INDEX('KZ-normalized'!$D:$D, MATCH($A8, 'KZ-normalized'!$A:$A, 0))-INDEX('KZ-normalized'!$E:$E, MATCH($A8, 'KZ-normalized'!$A:$A, 0))>0, -(6*INDEX('KZ-normalized'!$D:$D, MATCH($A8, 'KZ-normalized'!$A:$A, 0))-INDEX('KZ-normalized'!$E:$E, MATCH($A8, 'KZ-normalized'!$A:$A, 0))), 0), 0))+(IFERROR(IF(6*INDEX('UZ-normalized'!$D:$D, MATCH($A8, 'UZ-normalized'!$A:$A, 0))-INDEX('UZ-normalized'!$E:$E, MATCH($A8, 'UZ-normalized'!$A:$A, 0))>0, -(6*INDEX('UZ-normalized'!$D:$D, MATCH($A8, 'UZ-normalized'!$A:$A, 0))-INDEX('UZ-normalized'!$E:$E, MATCH($A8, 'UZ-normalized'!$A:$A, 0))), 0), 0))) -> 0 | U8: =MIN(0, N8+(IFERROR(IF(7*INDEX('UA-normalized'!$D:$D, MATCH($A8, 'UA-normalized'!$A:$A, 0))-INDEX('UA-normalized'!$E:$E, MATCH($A8, 'UA-normalized'!$A:$A, 0))>0, -(7*INDEX('UA-normalized'!$D:$D, MATCH($A8, 'UA-normalized'!$A:$A, 0))-INDEX('UA-normalized'!$E:$E, MATCH($A8, 'UA-normalized'!$A:$A, 0))), 0), 0))+(IFERROR(IF(7*INDEX('KZ-normalized'!$D:$D, MATCH($A8, 'KZ-normalized'!$A:$A, 0))-INDEX('KZ-normalized'!$E:$E, MATCH($A8, 'KZ-normalized'!$A:$A, 0))>0, -(7*INDEX('KZ-normalized'!$D:$D, MATCH($A8, 'KZ-normalized'!$A:$A, 0))-INDEX('KZ-normalized'!$E:$E, MATCH($A8, 'KZ-normalized'!$A:$A, 0))), 0), 0))+(IFERROR(IF(7*INDEX('UZ-normalized'!$D:$D, MATCH($A8, 'UZ-normalized'!$A:$A, 0))-INDEX('UZ-normalized'!$E:$E, MATCH($A8, 'UZ-normalized'!$A:$A, 0))>0, -(7*INDEX('UZ-normalized'!$D:$D, MATCH($A8, 'UZ-normalized'!$A:$A, 0))-INDEX('UZ-normalized'!$E:$E, MATCH($A8, 'UZ-normalized'!$A:$A, 0))), 0), 0))) -> 0 | V8: =MIN(0, N8+(IFERROR(IF(8*INDEX('UA-normalized'!$D:$D, MATCH($A8, 'UA-normalized'!$A:$A, 0))-INDEX('UA-normalized'!$E:$E, MATCH($A8, 'UA-normalized'!$A:$A, 0))>0, -(8*INDEX('UA-normalized'!$D:$D, MATCH($A8, 'UA-normalized'!$A:$A, 0))-INDEX('UA-normalized'!$E:$E, MATCH($A8, 'UA-normalized'!$A:$A, 0))), 0), 0))+(IFERROR(IF(8*INDEX('KZ-normalized'!$D:$D, MATCH($A8, 'KZ-normalized'!$A:$A, 0))-INDEX('KZ-normalized'!$E:$E, MATCH($A8, 'KZ-normalized'!$A:$A, 0))>0, -(8*INDEX('KZ-normalized'!$D:$D, MATCH($A8, 'KZ-normalized'!$A:$A, 0))-INDEX('KZ-normalized'!$E:$E, MATCH($A8, 'KZ-normalized'!$A:$A, 0))), 0), 0))+(IFERROR(IF(8*INDEX('UZ-normalized'!$D:$D, MATCH($A8, 'UZ-normalized'!$A:$A, 0))-INDEX('UZ-normalized'!$E:$E, MATCH($A8, 'UZ-normalized'!$A:$A, 0))>0, -(8*INDEX('UZ-normalized'!$D:$D, MATCH($A8, 'UZ-normalized'!$A:$A, 0))-INDEX('UZ-normalized'!$E:$E, MATCH($A8, 'UZ-normalized'!$A:$A, 0))), 0), 0))) -> 0 | W8: =MIN(0, N8+(IFERROR(IF(9*INDEX('UA-normalized'!$D:$D, MATCH($A8, 'UA-normalized'!$A:$A, 0))-INDEX('UA-normalized'!$E:$E, MATCH($A8, 'UA-normalized'!$A:$A, 0))>0, -(9*INDEX('UA-normalized'!$D:$D, MATCH($A8, 'UA-normalized'!$A:$A, 0))-INDEX('UA-normalized'!$E:$E, MATCH($A8, 'UA-normalized'!$A:$A, 0))), 0), 0))+(IFERROR(IF(9*INDEX('KZ-normalized'!$D:$D, MATCH($A8, 'KZ-normalized'!$A:$A, 0))-INDEX('KZ-normalized'!$E:$E, MATCH($A8, 'KZ-normalized'!$A:$A, 0))>0, -(9*INDEX('KZ-normalized'!$D:$D, MATCH($A8, 'KZ-normalized'!$A:$A, 0))-INDEX('KZ-normalized'!$E:$E, MATCH($A8, 'KZ-normalized'!$A:$A, 0))), 0), 0))+(IFERROR(IF(9*INDEX('UZ-normalized'!$D:$D, MATCH($A8, 'UZ-normalized'!$A:$A, 0))-INDEX('UZ-normalized'!$E:$E, MATCH($A8, 'UZ-normalized'!$A:$A, 0))>0, -(9*INDEX('UZ-normalized'!$D:$D, MATCH($A8, 'UZ-normalized'!$A:$A, 0))-INDEX('UZ-normalized'!$E:$E, MATCH($A8, 'UZ-normalized'!$A:$A, 0))), 0), 0))) -> 0 | X8: =MIN(0, N8+(IFERROR(IF(10*INDEX('UA-normalized'!$D:$D, MATCH($A8, 'UA-normalized'!$A:$A, 0))-INDEX('UA-normalized'!$E:$E, MATCH($A8, 'UA-normalized'!$A:$A, 0))>0, -(10*INDEX('UA-normalized'!$D:$D, MATCH($A8, 'UA-normalized'!$A:$A, 0))-INDEX('UA-normalized'!$E:$E, MATCH($A8, 'UA-normalized'!$A:$A, 0))), 0), 0))+(IFERROR(IF(10*INDEX('KZ-normalized'!$D:$D, MATCH($A8, 'KZ-normalized'!$A:$A, 0))-INDEX('KZ-normalized'!$E:$E, MATCH($A8, 'KZ-normalized'!$A:$A, 0))>0, -(10*INDEX('KZ-normalized'!$D:$D, MATCH($A8, 'KZ-normalized'!$A:$A, 0))-INDEX('KZ-normalized'!$E:$E, MATCH($A8, 'KZ-normalized'!$A:$A, 0))), 0), 0))+(IFERROR(IF(10*INDEX('UZ-normalized'!$D:$D, MATCH($A8, 'UZ-normalized'!$A:$A, 0))-INDEX('UZ-normalized'!$E:$E, MATCH($A8, 'UZ-normalized'!$A:$A, 0))>0, -(10*INDEX('UZ-normalized'!$D:$D, MATCH($A8, 'UZ-normalized'!$A:$A, 0))-INDEX('UZ-normalized'!$E:$E, MATCH($A8, 'UZ-normalized'!$A:$A, 0))), 0), 0))) -> 0 | Y8: =MIN(0, N8+(IFERROR(IF(11*INDEX('UA-normalized'!$D:$D, MATCH($A8, 'UA-normalized'!$A:$A, 0))-INDEX('UA-normalized'!$E:$E, MATCH($A8, 'UA-normalized'!$A:$A, 0))>0, -(11*INDEX('UA-normalized'!$D:$D, MATCH($A8, 'UA-normalized'!$A:$A, 0))-INDEX('UA-normalized'!$E:$E, MATCH($A8, 'UA-normalized'!$A:$A, 0))), 0), 0))+(IFERROR(IF(11*INDEX('KZ-normalized'!$D:$D, MATCH($A8, 'KZ-normalized'!$A:$A, 0))-INDEX('KZ-normalized'!$E:$E, MATCH($A8, 'KZ-normalized'!$A:$A, 0))>0, -(11*INDEX('KZ-normalized'!$D:$D, MATCH($A8, 'KZ-normalized'!$A:$A, 0))-INDEX('KZ-normalized'!$E:$E, MATCH($A8, 'KZ-normalized'!$A:$A, 0))), 0), 0))+(IFERROR(IF(11*INDEX('UZ-normalized'!$D:$D, MATCH($A8, 'UZ-normalized'!$A:$A, 0))-INDEX('UZ-normalized'!$E:$E, MATCH($A8, 'UZ-normalized'!$A:$A, 0))>0, -(11*INDEX('UZ-normalized'!$D:$D, MATCH($A8, 'UZ-normalized'!$A:$A, 0))-INDEX('UZ-normalized'!$E:$E, MATCH($A8, 'UZ-normalized'!$A:$A, 0))), 0), 0))) -> 0 | Z8: =MIN(0, N8+(IFERROR(IF(12*INDEX('UA-normalized'!$D:$D, MATCH($A8, 'UA-normalized'!$A:$A, 0))-INDEX('UA-normalized'!$E:$E, MATCH($A8, 'UA-normalized'!$A:$A, 0))>0, -(12*INDEX('UA-normalized'!$D:$D, MATCH($A8, 'UA-normalized'!$A:$A, 0))-INDEX('UA-normalized'!$E:$E, MATCH($A8, 'UA-normalized'!$A:$A, 0))), 0), 0))+(IFERROR(IF(12*INDEX('KZ-normalized'!$D:$D, MATCH($A8, 'KZ-normalized'!$A:$A, 0))-INDEX('KZ-normalized'!$E:$E, MATCH($A8, 'KZ-normalized'!$A:$A, 0))>0, -(12*INDEX('KZ-normalized'!$D:$D, MATCH($A8, 'KZ-normalized'!$A:$A, 0))-INDEX('KZ-normalized'!$E:$E, MATCH($A8, 'KZ-normalized'!$A:$A, 0))), 0), 0))+(IFERROR(IF(12*INDEX('UZ-normalized'!$D:$D, MATCH($A8, 'UZ-normalized'!$A:$A, 0))-INDEX('UZ-normalized'!$E:$E, MATCH($A8, 'UZ-normalized'!$A:$A, 0))>0, -(12*INDEX('UZ-normalized'!$D:$D, MATCH($A8, 'UZ-normalized'!$A:$A, 0))-INDEX('UZ-normalized'!$E:$E, MATCH($A8, 'UZ-normalized'!$A:$A, 0))), 0), 0))) -> 0 | AA8: =MIN(0, N8+(IFERROR(IF(13*INDEX('UA-normalized'!$D:$D, MATCH($A8, 'UA-normalized'!$A:$A, 0))-INDEX('UA-normalized'!$E:$E, MATCH($A8, 'UA-normalized'!$A:$A, 0))>0, -(13*INDEX('UA-normalized'!$D:$D, MATCH($A8, 'UA-normalized'!$A:$A, 0))-INDEX('UA-normalized'!$E:$E, MATCH($A8, 'UA-normalized'!$A:$A, 0))), 0), 0))+(IFERROR(IF(13*INDEX('KZ-normalized'!$D:$D, MATCH($A8, 'KZ-normalized'!$A:$A, 0))-INDEX('KZ-normalized'!$E:$E, MATCH($A8, 'KZ-normalized'!$A:$A, 0))>0, -(13*INDEX('KZ-normalized'!$D:$D, MATCH($A8, 'KZ-normalized'!$A:$A, 0))-INDEX('KZ-normalized'!$E:$E, MATCH($A8, 'KZ-normalized'!$A:$A, 0))), 0), 0))+(IFERROR(IF(13*INDEX('UZ-normalized'!$D:$D, MATCH($A8, 'UZ-normalized'!$A:$A, 0))-INDEX('UZ-normalized'!$E:$E, MATCH($A8, 'UZ-normalized'!$A:$A, 0))>0, -(13*INDEX('UZ-normalized'!$D:$D, MATCH($A8, 'UZ-normalized'!$A:$A, 0))-INDEX('UZ-normalized'!$E:$E, MATCH($A8, 'UZ-normalized'!$A:$A, 0))), 0), 0))) -> 0 | AB8: =MIN(0, N8+(IFERROR(IF(14*INDEX('UA-normalized'!$D:$D, MATCH($A8, 'UA-normalized'!$A:$A, 0))-INDEX('UA-normalized'!$E:$E, MATCH($A8, 'UA-normalized'!$A:$A, 0))>0, -(14*INDEX('UA-normalized'!$D:$D, MATCH($A8, 'UA-normalized'!$A:$A, 0))-INDEX('UA-normalized'!$E:$E, MATCH($A8, 'UA-normalized'!$A:$A, 0))), 0), 0))+(IFERROR(IF(14*INDEX('KZ-normalized'!$D:$D, MATCH($A8, 'KZ-normalized'!$A:$A, 0))-INDEX('KZ-normalized'!$E:$E, MATCH($A8, 'KZ-normalized'!$A:$A, 0))>0, -(14*INDEX('KZ-normalized'!$D:$D, MATCH($A8, 'KZ-normalized'!$A:$A, 0))-INDEX('KZ-normalized'!$E:$E, MATCH($A8, 'KZ-normalized'!$A:$A, 0))), 0), 0))+(IFERROR(IF(14*INDEX('UZ-normalized'!$D:$D, MATCH($A8, 'UZ-normalized'!$A:$A, 0))-INDEX('UZ-normalized'!$E:$E, MATCH($A8, 'UZ-normalized'!$A:$A, 0))>0, -(14*INDEX('UZ-normalized'!$D:$D, MATCH($A8, 'UZ-normalized'!$A:$A, 0))-INDEX('UZ-normalized'!$E:$E, MATCH($A8, 'UZ-normalized'!$A:$A, 0))), 0), 0))) -> 0 | AC8: =MIN(0, N8+(IFERROR(IF(15*INDEX('UA-normalized'!$D:$D, MATCH($A8, 'UA-normalized'!$A:$A, 0))-INDEX('UA-normalized'!$E:$E, MATCH($A8, 'UA-normalized'!$A:$A, 0))>0, -(15*INDEX('UA-normalized'!$D:$D, MATCH($A8, 'UA-normalized'!$A:$A, 0))-INDEX('UA-normalized'!$E:$E, MATCH($A8, 'UA-normalized'!$A:$A, 0))), 0), 0))+(IFERROR(IF(15*INDEX('KZ-normalized'!$D:$D, MATCH($A8, 'KZ-normalized'!$A:$A, 0))-INDEX('KZ-normalized'!$E:$E, MATCH($A8, 'KZ-normalized'!$A:$A, 0))>0, -(15*INDEX('KZ-normalized'!$D:$D, MATCH($A8, 'KZ-normalized'!$A:$A, 0))-INDEX('KZ-normalized'!$E:$E, MATCH($A8, 'KZ-normalized'!$A:$A, 0))), 0), 0))+(IFERROR(IF(15*INDEX('UZ-normalized'!$D:$D, MATCH($A8, 'UZ-normalized'!$A:$A, 0))-INDEX('UZ-normalized'!$E:$E, MATCH($A8, 'UZ-normalized'!$A:$A, 0))>0, -(15*INDEX('UZ-normalized'!$D:$D, MATCH($A8, 'UZ-normalized'!$A:$A, 0))-INDEX('UZ-normalized'!$E:$E, MATCH($A8, 'UZ-normalized'!$A:$A, 0))), 0), 0))) -> 0 | AD8: =MIN(0, N8+(IFERROR(IF(16*INDEX('UA-normalized'!$D:$D, MATCH($A8, 'UA-normalized'!$A:$A, 0))-INDEX('UA-normalized'!$E:$E, MATCH($A8, 'UA-normalized'!$A:$A, 0))>0, -(16*INDEX('UA-normalized'!$D:$D, MATCH($A8, 'UA-normalized'!$A:$A, 0))-INDEX('UA-normalized'!$E:$E, MATCH($A8, 'UA-normalized'!$A:$A, 0))), 0), 0))+(IFERROR(IF(16*INDEX('KZ-normalized'!$D:$D, MATCH($A8, 'KZ-normalized'!$A:$A, 0))-INDEX('KZ-normalized'!$E:$E, MATCH($A8, 'KZ-normalized'!$A:$A, 0))>0, -(16*INDEX('KZ-normalized'!$D:$D, MATCH($A8, 'KZ-normalized'!$A:$A, 0))-INDEX('KZ-normalized'!$E:$E, MATCH($A8, 'KZ-normalized'!$A:$A, 0))), 0), 0))+(IFERROR(IF(16*INDEX('UZ-normalized'!$D:$D, MATCH($A8, 'UZ-normalized'!$A:$A, 0))-INDEX('UZ-normalized'!$E:$E, MATCH($A8, 'UZ-normalized'!$A:$A, 0))>0, -(16*INDEX('UZ-normalized'!$D:$D, MATCH($A8, 'UZ-normalized'!$A:$A, 0))-INDEX('UZ-normalized'!$E:$E, MATCH($A8, 'UZ-normalized'!$A:$A, 0))), 0), 0))) -> 0 | AE8: =MIN(0, N8+(IFERROR(IF(17*INDEX('UA-normalized'!$D:$D, MATCH($A8, 'UA-normalized'!$A:$A, 0))-INDEX('UA-normalized'!$E:$E, MATCH($A8, 'UA-normalized'!$A:$A, 0))>0, -(17*INDEX('UA-normalized'!$D:$D, MATCH($A8, 'UA-normalized'!$A:$A, 0))-INDEX('UA-normalized'!$E:$E, MATCH($A8, 'UA-normalized'!$A:$A, 0))), 0), 0))+(IFERROR(IF(17*INDEX('KZ-normalized'!$D:$D, MATCH($A8, 'KZ-normalized'!$A:$A, 0))-INDEX('KZ-normalized'!$E:$E, MATCH($A8, 'KZ-normalized'!$A:$A, 0))>0, -(17*INDEX('KZ-normalized'!$D:$D, MATCH($A8, 'KZ-normalized'!$A:$A, 0))-INDEX('KZ-normalized'!$E:$E, MATCH($A8, 'KZ-normalized'!$A:$A, 0))), 0), 0))+(IFERROR(IF(17*INDEX('UZ-normalized'!$D:$D, MATCH($A8, 'UZ-normalized'!$A:$A, 0))-INDEX('UZ-normalized'!$E:$E, MATCH($A8, 'UZ-normalized'!$A:$A, 0))>0, -(17*INDEX('UZ-normalized'!$D:$D, MATCH($A8, 'UZ-normalized'!$A:$A, 0))-INDEX('UZ-normalized'!$E:$E, MATCH($A8, 'UZ-normalized'!$A:$A, 0))), 0), 0))) -> 0 | AF8: =MIN(0, N8+(IFERROR(IF(18*INDEX('UA-normalized'!$D:$D, MATCH($A8, 'UA-normalized'!$A:$A, 0))-INDEX('UA-normalized'!$E:$E, MATCH($A8, 'UA-normalized'!$A:$A, 0))>0, -(18*INDEX('UA-normalized'!$D:$D, MATCH($A8, 'UA-normalized'!$A:$A, 0))-INDEX('UA-normalized'!$E:$E, MATCH($A8, 'UA-normalized'!$A:$A, 0))), 0), 0))+(IFERROR(IF(18*INDEX('KZ-normalized'!$D:$D, MATCH($A8, 'KZ-normalized'!$A:$A, 0))-INDEX('KZ-normalized'!$E:$E, MATCH($A8, 'KZ-normalized'!$A:$A, 0))>0, -(18*INDEX('KZ-normalized'!$D:$D, MATCH($A8, 'KZ-normalized'!$A:$A, 0))-INDEX('KZ-normalized'!$E:$E, MATCH($A8, 'KZ-normalized'!$A:$A, 0))), 0), 0))+(IFERROR(IF(18*INDEX('UZ-normalized'!$D:$D, MATCH($A8, 'UZ-normalized'!$A:$A, 0))-INDEX('UZ-normalized'!$E:$E, MATCH($A8, 'UZ-normalized'!$A:$A, 0))>0, -(18*INDEX('UZ-normalized'!$D:$D, MATCH($A8, 'UZ-normalized'!$A:$A, 0))-INDEX('UZ-normalized'!$E:$E, MATCH($A8, 'UZ-normalized'!$A:$A, 0))), 0), 0))) -> 0 | AG8: =MIN(0, N8+(IFERROR(IF(19*INDEX('UA-normalized'!$D:$D, MATCH($A8, 'UA-normalized'!$A:$A, 0))-INDEX('UA-normalized'!$E:$E, MATCH($A8, 'UA-normalized'!$A:$A, 0))>0, -(19*INDEX('UA-normalized'!$D:$D, MATCH($A8, 'UA-normalized'!$A:$A, 0))-INDEX('UA-normalized'!$E:$E, MATCH($A8, 'UA-normalized'!$A:$A, 0))), 0), 0))+(IFERROR(IF(19*INDEX('KZ-normalized'!$D:$D, MATCH($A8, 'KZ-normalized'!$A:$A, 0))-INDEX('KZ-normalized'!$E:$E, MATCH($A8, 'KZ-normalized'!$A:$A, 0))>0, -(19*INDEX('KZ-normalized'!$D:$D, MATCH($A8, 'KZ-normalized'!$A:$A, 0))-INDEX('KZ-normalized'!$E:$E, MATCH($A8, 'KZ-normalized'!$A:$A, 0))), 0), 0))+(IFERROR(IF(19*INDEX('UZ-normalized'!$D:$D, MATCH($A8, 'UZ-normalized'!$A:$A, 0))-INDEX('UZ-normalized'!$E:$E, MATCH($A8, 'UZ-normalized'!$A:$A, 0))>0, -(19*INDEX('UZ-normalized'!$D:$D, MATCH($A8, 'UZ-normalized'!$A:$A, 0))-INDEX('UZ-normalized'!$E:$E, MATCH($A8, 'UZ-normalized'!$A:$A, 0))), 0), 0))) -> 0 | AH8: =MIN(0, N8+(IFERROR(IF(20*INDEX('UA-normalized'!$D:$D, MATCH($A8, 'UA-normalized'!$A:$A, 0))-INDEX('UA-normalized'!$E:$E, MATCH($A8, 'UA-normalized'!$A:$A, 0))>0, -(20*INDEX('UA-normalized'!$D:$D, MATCH($A8, 'UA-normalized'!$A:$A, 0))-INDEX('UA-normalized'!$E:$E, MATCH($A8, 'UA-normalized'!$A:$A, 0))), 0), 0))+(IFERROR(IF(20*INDEX('KZ-normalized'!$D:$D, MATCH($A8, 'KZ-normalized'!$A:$A, 0))-INDEX('KZ-normalized'!$E:$E, MATCH($A8, 'KZ-normalized'!$A:$A, 0))>0, -(20*INDEX('KZ-normalized'!$D:$D, MATCH($A8, 'KZ-normalized'!$A:$A, 0))-INDEX('KZ-normalized'!$E:$E, MATCH($A8, 'KZ-normalized'!$A:$A, 0))), 0), 0))+(IFERROR(IF(20*INDEX('UZ-normalized'!$D:$D, MATCH($A8, 'UZ-normalized'!$A:$A, 0))-INDEX('UZ-normalized'!$E:$E, MATCH($A8, 'UZ-normalized'!$A:$A, 0))>0, -(20*INDEX('UZ-normalized'!$D:$D, MATCH($A8, 'UZ-normalized'!$A:$A, 0))-INDEX('UZ-normalized'!$E:$E, MATCH($A8, 'UZ-normalized'!$A:$A, 0))), 0), 0))) -> 0 | AI8: =MIN(0, N8+(IFERROR(IF(21*INDEX('UA-normalized'!$D:$D, MATCH($A8, 'UA-normalized'!$A:$A, 0))-INDEX('UA-normalized'!$E:$E, MATCH($A8, 'UA-normalized'!$A:$A, 0))>0, -(21*INDEX('UA-normalized'!$D:$D, MATCH($A8, 'UA-normalized'!$A:$A, 0))-INDEX('UA-normalized'!$E:$E, MATCH($A8, 'UA-normalized'!$A:$A, 0))), 0), 0))+(IFERROR(IF(21*INDEX('KZ-normalized'!$D:$D, MATCH($A8, 'KZ-normalized'!$A:$A, 0))-INDEX('KZ-normalized'!$E:$E, MATCH($A8, 'KZ-normalized'!$A:$A, 0))>0, -(21*INDEX('KZ-normalized'!$D:$D, MATCH($A8, 'KZ-normalized'!$A:$A, 0))-INDEX('KZ-normalized'!$E:$E, MATCH($A8, 'KZ-normalized'!$A:$A, 0))), 0), 0))+(IFERROR(IF(21*INDEX('UZ-normalized'!$D:$D, MATCH($A8, 'UZ-normalized'!$A:$A, 0))-INDEX('UZ-normalized'!$E:$E, MATCH($A8, 'UZ-normalized'!$A:$A, 0))>0, -(21*INDEX('UZ-normalized'!$D:$D, MATCH($A8, 'UZ-normalized'!$A:$A, 0))-INDEX('UZ-normalized'!$E:$E, MATCH($A8, 'UZ-normalized'!$A:$A, 0))), 0), 0))) -> 0 | AJ8: =MIN(0, N8+(IFERROR(IF(22*INDEX('UA-normalized'!$D:$D, MATCH($A8, 'UA-normalized'!$A:$A, 0))-INDEX('UA-normalized'!$E:$E, MATCH($A8, 'UA-normalized'!$A:$A, 0))>0, -(22*INDEX('UA-normalized'!$D:$D, MATCH($A8, 'UA-normalized'!$A:$A, 0))-INDEX('UA-normalized'!$E:$E, MATCH($A8, 'UA-normalized'!$A:$A, 0))), 0), 0))+(IFERROR(IF(22*INDEX('KZ-normalized'!$D:$D, MATCH($A8, 'KZ-normalized'!$A:$A, 0))-INDEX('KZ-normalized'!$E:$E, MATCH($A8, 'KZ-normalized'!$A:$A, 0))>0, -(22*INDEX('KZ-normalized'!$D:$D, MATCH($A8, 'KZ-normalized'!$A:$A, 0))-INDEX('KZ-normalized'!$E:$E, MATCH($A8, 'KZ-normalized'!$A:$A, 0))), 0), 0))+(IFERROR(IF(22*INDEX('UZ-normalized'!$D:$D, MATCH($A8, 'UZ-normalized'!$A:$A, 0))-INDEX('UZ-normalized'!$E:$E, MATCH($A8, 'UZ-normalized'!$A:$A, 0))>0, -(22*INDEX('UZ-normalized'!$D:$D, MATCH($A8, 'UZ-normalized'!$A:$A, 0))-INDEX('UZ-normalized'!$E:$E, MATCH($A8, 'UZ-normalized'!$A:$A, 0))), 0), 0))) -> 0 | AK8: =MIN(0, N8+(IFERROR(IF(23*INDEX('UA-normalized'!$D:$D, MATCH($A8, 'UA-normalized'!$A:$A, 0))-INDEX('UA-normalized'!$E:$E, MATCH($A8, 'UA-normalized'!$A:$A, 0))>0, -(23*INDEX('UA-normalized'!$D:$D, MATCH($A8, 'UA-normalized'!$A:$A, 0))-INDEX('UA-normalized'!$E:$E, MATCH($A8, 'UA-normalized'!$A:$A, 0))), 0), 0))+(IFERROR(IF(23*INDEX('KZ-normalized'!$D:$D, MATCH($A8, 'KZ-normalized'!$A:$A, 0))-INDEX('KZ-normalized'!$E:$E, MATCH($A8, 'KZ-normalized'!$A:$A, 0))>0, -(23*INDEX('KZ-normalized'!$D:$D, MATCH($A8, 'KZ-normalized'!$A:$A, 0))-INDEX('KZ-normalized'!$E:$E, MATCH($A8, 'KZ-normalized'!$A:$A, 0))), 0), 0))+(IFERROR(IF(23*INDEX('UZ-normalized'!$D:$D, MATCH($A8, 'UZ-normalized'!$A:$A, 0))-INDEX('UZ-normalized'!$E:$E, MATCH($A8, 'UZ-normalized'!$A:$A, 0))>0, -(23*INDEX('UZ-normalized'!$D:$D, MATCH($A8, 'UZ-normalized'!$A:$A, 0))-INDEX('UZ-normalized'!$E:$E, MATCH($A8, 'UZ-normalized'!$A:$A, 0))), 0), 0))) -> 0 | AL8: =MIN(0, N8+(IFERROR(IF(24*INDEX('UA-normalized'!$D:$D, MATCH($A8, 'UA-normalized'!$A:$A, 0))-INDEX('UA-normalized'!$E:$E, MATCH($A8, 'UA-normalized'!$A:$A, 0))>0, -(24*INDEX('UA-normalized'!$D:$D, MATCH($A8, 'UA-normalized'!$A:$A, 0))-INDEX('UA-normalized'!$E:$E, MATCH($A8, 'UA-normalized'!$A:$A, 0))), 0), 0))+(IFERROR(IF(24*INDEX('KZ-normalized'!$D:$D, MATCH($A8, 'KZ-normalized'!$A:$A, 0))-INDEX('KZ-normalized'!$E:$E, MATCH($A8, 'KZ-normalized'!$A:$A, 0))>0, -(24*INDEX('KZ-normalized'!$D:$D, MATCH($A8, 'KZ-normalized'!$A:$A, 0))-INDEX('KZ-normalized'!$E:$E, MATCH($A8, 'KZ-normalized'!$A:$A, 0))), 0), 0))+(IFERROR(IF(24*INDEX('UZ-normalized'!$D:$D, MATCH($A8, 'UZ-normalized'!$A:$A, 0))-INDEX('UZ-normalized'!$E:$E, MATCH($A8, 'UZ-normalized'!$A:$A, 0))>0, -(24*INDEX('UZ-normalized'!$D:$D, MATCH($A8, 'UZ-normalized'!$A:$A, 0))-INDEX('UZ-normalized'!$E:$E, MATCH($A8, 'UZ-normalized'!$A:$A, 0))), 0), 0))) -> 0 | AM8: =MIN(0, N8+(IFERROR(IF(25*INDEX('UA-normalized'!$D:$D, MATCH($A8, 'UA-normalized'!$A:$A, 0))-INDEX('UA-normalized'!$E:$E, MATCH($A8, 'UA-normalized'!$A:$A, 0))>0, -(25*INDEX('UA-normalized'!$D:$D, MATCH($A8, 'UA-normalized'!$A:$A, 0))-INDEX('UA-normalized'!$E:$E, MATCH($A8, 'UA-normalized'!$A:$A, 0))), 0), 0))+(IFERROR(IF(25*INDEX('KZ-normalized'!$D:$D, MATCH($A8, 'KZ-normalized'!$A:$A, 0))-INDEX('KZ-normalized'!$E:$E, MATCH($A8, 'KZ-normalized'!$A:$A, 0))>0, -(25*INDEX('KZ-normalized'!$D:$D, MATCH($A8, 'KZ-normalized'!$A:$A, 0))-INDEX('KZ-normalized'!$E:$E, MATCH($A8, 'KZ-normalized'!$A:$A, 0))), 0), 0))+(IFERROR(IF(25*INDEX('UZ-normalized'!$D:$D, MATCH($A8, 'UZ-normalized'!$A:$A, 0))-INDEX('UZ-normalized'!$E:$E, MATCH($A8, 'UZ-normalized'!$A:$A, 0))>0, -(25*INDEX('UZ-normalized'!$D:$D, MATCH($A8, 'UZ-normalized'!$A:$A, 0))-INDEX('UZ-normalized'!$E:$E, MATCH($A8, 'UZ-normalized'!$A:$A, 0))), 0), 0))) -> 0 | AN8: =MIN(0, N8+(IFERROR(IF(26*INDEX('UA-normalized'!$D:$D, MATCH($A8, 'UA-normalized'!$A:$A, 0))-INDEX('UA-normalized'!$E:$E, MATCH($A8, 'UA-normalized'!$A:$A, 0))>0, -(26*INDEX('UA-normalized'!$D:$D, MATCH($A8, 'UA-normalized'!$A:$A, 0))-INDEX('UA-normalized'!$E:$E, MATCH($A8, 'UA-normalized'!$A:$A, 0))), 0), 0))+(IFERROR(IF(26*INDEX('KZ-normalized'!$D:$D, MATCH($A8, 'KZ-normalized'!$A:$A, 0))-INDEX('KZ-normalized'!$E:$E, MATCH($A8, 'KZ-normalized'!$A:$A, 0))>0, -(26*INDEX('KZ-normalized'!$D:$D, MATCH($A8, 'KZ-normalized'!$A:$A, 0))-INDEX('KZ-normalized'!$E:$E, MATCH($A8, 'KZ-normalized'!$A:$A, 0))), 0), 0))+(IFERROR(IF(26*INDEX('UZ-normalized'!$D:$D, MATCH($A8, 'UZ-normalized'!$A:$A, 0))-INDEX('UZ-normalized'!$E:$E, MATCH($A8, 'UZ-normalized'!$A:$A, 0))>0, -(26*INDEX('UZ-normalized'!$D:$D, MATCH($A8, 'UZ-normalized'!$A:$A, 0))-INDEX('UZ-normalized'!$E:$E, MATCH($A8, 'UZ-normalized'!$A:$A, 0))), 0), 0))) -> 0 | AO8: =MIN(0, N8+(IFERROR(IF(27*INDEX('UA-normalized'!$D:$D, MATCH($A8, 'UA-normalized'!$A:$A, 0))-INDEX('UA-normalized'!$E:$E, MATCH($A8, 'UA-normalized'!$A:$A, 0))>0, -(27*INDEX('UA-normalized'!$D:$D, MATCH($A8, 'UA-normalized'!$A:$A, 0))-INDEX('UA-normalized'!$E:$E, MATCH($A8, 'UA-normalized'!$A:$A, 0))), 0), 0))+(IFERROR(IF(27*INDEX('KZ-normalized'!$D:$D, MATCH($A8, 'KZ-normalized'!$A:$A, 0))-INDEX('KZ-normalized'!$E:$E, MATCH($A8, 'KZ-normalized'!$A:$A, 0))>0, -(27*INDEX('KZ-normalized'!$D:$D, MATCH($A8, 'KZ-normalized'!$A:$A, 0))-INDEX('KZ-normalized'!$E:$E, MATCH($A8, 'KZ-normalized'!$A:$A, 0))), 0), 0))+(IFERROR(IF(27*INDEX('UZ-normalized'!$D:$D, MATCH($A8, 'UZ-normalized'!$A:$A, 0))-INDEX('UZ-normalized'!$E:$E, MATCH($A8, 'UZ-normalized'!$A:$A, 0))>0, -(27*INDEX('UZ-normalized'!$D:$D, MATCH($A8, 'UZ-normalized'!$A:$A, 0))-INDEX('UZ-normalized'!$E:$E, MATCH($A8, 'UZ-normalized'!$A:$A, 0))), 0), 0))) -> 0 | AP8: =MIN(0, N8+(IFERROR(IF(28*INDEX('UA-normalized'!$D:$D, MATCH($A8, 'UA-normalized'!$A:$A, 0))-INDEX('UA-normalized'!$E:$E, MATCH($A8, 'UA-normalized'!$A:$A, 0))>0, -(28*INDEX('UA-normalized'!$D:$D, MATCH($A8, 'UA-normalized'!$A:$A, 0))-INDEX('UA-normalized'!$E:$E, MATCH($A8, 'UA-normalized'!$A:$A, 0))), 0), 0))+(IFERROR(IF(28*INDEX('KZ-normalized'!$D:$D, MATCH($A8, 'KZ-normalized'!$A:$A, 0))-INDEX('KZ-normalized'!$E:$E, MATCH($A8, 'KZ-normalized'!$A:$A, 0))>0, -(28*INDEX('KZ-normalized'!$D:$D, MATCH($A8, 'KZ-normalized'!$A:$A, 0))-INDEX('KZ-normalized'!$E:$E, MATCH($A8, 'KZ-normalized'!$A:$A, 0))), 0), 0))+(IFERROR(IF(28*INDEX('UZ-normalized'!$D:$D, MATCH($A8, 'UZ-normalized'!$A:$A, 0))-INDEX('UZ-normalized'!$E:$E, MATCH($A8, 'UZ-normalized'!$A:$A, 0))>0, -(28*INDEX('UZ-normalized'!$D:$D, MATCH($A8, 'UZ-normalized'!$A:$A, 0))-INDEX('UZ-normalized'!$E:$E, MATCH($A8, 'UZ-normalized'!$A:$A, 0))), 0), 0))) -> 0 | AQ8: =MIN(0, N8+(IFERROR(IF(29*INDEX('UA-normalized'!$D:$D, MATCH($A8, 'UA-normalized'!$A:$A, 0))-INDEX('UA-normalized'!$E:$E, MATCH($A8, 'UA-normalized'!$A:$A, 0))>0, -(29*INDEX('UA-normalized'!$D:$D, MATCH($A8, 'UA-normalized'!$A:$A, 0))-INDEX('UA-normalized'!$E:$E, MATCH($A8, 'UA-normalized'!$A:$A, 0))), 0), 0))+(IFERROR(IF(29*INDEX('KZ-normalized'!$D:$D, MATCH($A8, 'KZ-normalized'!$A:$A, 0))-INDEX('KZ-normalized'!$E:$E, MATCH($A8, 'KZ-normalized'!$A:$A, 0))>0, -(29*INDEX('KZ-normalized'!$D:$D, MATCH($A8, 'KZ-normalized'!$A:$A, 0))-INDEX('KZ-normalized'!$E:$E, MATCH($A8, 'KZ-normalized'!$A:$A, 0))), 0), 0))+(IFERROR(IF(29*INDEX('UZ-normalized'!$D:$D, MATCH($A8, 'UZ-normalized'!$A:$A, 0))-INDEX('UZ-normalized'!$E:$E, MATCH($A8, 'UZ-normalized'!$A:$A, 0))>0, -(29*INDEX('UZ-normalized'!$D:$D, MATCH($A8, 'UZ-normalized'!$A:$A, 0))-INDEX('UZ-normalized'!$E:$E, MATCH($A8, 'UZ-normalized'!$A:$A, 0))), 0), 0))) -> 0 | AR8: =MIN(0, N8+(IFERROR(IF(30*INDEX('UA-normalized'!$D:$D, MATCH($A8, 'UA-normalized'!$A:$A, 0))-INDEX('UA-normalized'!$E:$E, MATCH($A8, 'UA-normalized'!$A:$A, 0))>0, -(30*INDEX('UA-normalized'!$D:$D, MATCH($A8, 'UA-normalized'!$A:$A, 0))-INDEX('UA-normalized'!$E:$E, MATCH($A8, 'UA-normalized'!$A:$A, 0))), 0), 0))+(IFERROR(IF(30*INDEX('KZ-normalized'!$D:$D, MATCH($A8, 'KZ-normalized'!$A:$A, 0))-INDEX('KZ-normalized'!$E:$E, MATCH($A8, 'KZ-normalized'!$A:$A, 0))>0, -(30*INDEX('KZ-normalized'!$D:$D, MATCH($A8, 'KZ-normalized'!$A:$A, 0))-INDEX('KZ-normalized'!$E:$E, MATCH($A8, 'KZ-normalized'!$A:$A, 0))), 0), 0))+(IFERROR(IF(30*INDEX('UZ-normalized'!$D:$D, MATCH($A8, 'UZ-normalized'!$A:$A, 0))-INDEX('UZ-normalized'!$E:$E, MATCH($A8, 'UZ-normalized'!$A:$A, 0))>0, -(30*INDEX('UZ-normalized'!$D:$D, MATCH($A8, 'UZ-normalized'!$A:$A, 0))-INDEX('UZ-normalized'!$E:$E, MATCH($A8, 'UZ-normalized'!$A:$A, 0))), 0), 0))) -> 0
