Workbook

Sheet SKU
A1: SKU (ключ, унікальний) | B1: Name | C1: Brand | D1: Group1 | E1: Group2 | F1: UOM | G1: AssemblyQty | H1: Normalized-UA
A2: PR-CHE-49-1405-000-SET | B2: 1 | C2: =MID(A2,4,3) -> CHE | D2: =MID(A2,11,4) -> 1405 | E2: 19-1405-000 | F2: set | G2: =MID(A2,8,1) -> 4 | H2: 1
A3: PR-CHE-49-1405-025-SET | B3: 1 | C3: =MID(A3,4,3) -> CHE | D3: =MID(A3,11,4) -> 1405 | E3: 19-1405-025 | F3: set | G3: =MID(A3,8,1) -> 4 | H3: 1
A4: PR-CHE-49-1405-050-SET | B4: 1 | C4: =MID(A4,4,3) -> CHE | D4: =MID(A4,11,4) -> 1405 | E4: 19-1405-050 | F4: set | G4: =MID(A4,8,1) -> 4 | H4: 1
A5: PR-CHE-49-1590-000-SET | B5: 1 | C5: =MID(A5,4,3) -> CHE | D5: =MID(A5,11,4) -> 1590 | E5: 19-1590-000 | F5: set | G5: =MID(A5,8,1) -> 4 | H5: 1
A6: PR-CHE-49-1590-025-SET | B6: 1 | C6: =MID(A6,4,3) -> CHE | D6: =MID(A6,11,4) -> 1590 | E6: 19-1590-025 | F6: set | G6: =MID(A6,8,1) -> 4 | H6: 1
A7: PR-CHE-49-1590-050-SET | B7: 1 | C7: =MID(A7,4,3) -> CHE | D7: =MID(A7,11,4) -> 1590 | E7: 19-1590-050 | F7: set | G7: =MID(A7,8,1) -> 4 | H7: 1
A8: PR-CHE-47-3549-000-SET | B8: 1 | C8: =MID(A8,4,3) -> CHE | D8: =MID(A8,11,4) -> 3549 | E8: 17-3549-000 | F8: set | G8: =MID(A8,8,1) -> 4 | H8: 1
A9: PR-CHE-47-3549-025-SET | B9: 1 | C9: =MID(A9,4,3) -> CHE | D9: =MID(A9,11,4) -> 3549 | E9: 17-3549-025 | F9: set | G9: =MID(A9,8,1) -> 4 | H9: 1
A10: PR-CHE-47-3549-050-SET | B10: 1 | C10: =MID(A10,4,3) -> CHE | D10: =MID(A10,11,4) -> 3549 | E10: 17-3549-050 | F10: set | G10: =MID(A10,8,1) -> 4 | H10: 1
A11: PR-CHE-49-3549-000-SET | B11: 1 | C11: =MID(A11,4,3) -> CHE | D11: =MID(A11,11,4) -> 3549 | E11: 19-3549-000 | F11: set | G11: =MID(A11,8,1) -> 4 | H11: 1
A12: PR-CHE-49-3549-025-SET | B12: 1 | C12: =MID(A12,4,3) -> CHE | D12: =MID(A12,11,4) -> 3549 | E12: 19-3549-025 | F12: set | G12: =MID(A12,8,1) -> 4 | H12: 1
A13: PR-CHE-49-3549-050-SET | B13: 1 | C13: =MID(A13,4,3) -> CHE | D13: =MID(A13,11,4) -> 3549 | E13: 19-3549-050 | F13: set | G13: =MID(A13,8,1) -> 4 | H13: 1
... A248: PR-ZIL-84-5991-000-SET | B248: 1 | C248: =MID(A248,4,3) -> ZIL | D248: =MID(A248,11,4) -> 5991 | E248: 14-5991-000 | F248: set | G248: =MID(A248,8,1) -> 8 | H248: 1
A249: PCHE003-S-0-D | B249: 2 | C249: =MID(A249,2,3) -> CHE | D249: =LEFT(A249,7) -> PCHE003 | E249: =RIGHT(A249,5) -> S-0-D | F249: pc | G249: 1 | H249: 1
A250: PCHE005-S-0-D | B250: 2 | C250: =MID(A250,2,3) -> CHE | D250: =LEFT(A250,7) -> PCHE005 | E250: =RIGHT(A250,5) -> S-0-D | F250: pc | G250: 1 | H250: 4
A251: PCHE005-S-0-N | B251: 2 | C251: =MID(A251,2,3) -> CHE | D251: =LEFT(A251,7) -> PCHE005 | E251: =RIGHT(A251,5) -> S-0-N | F251: pc | G251: 1 | H251: 4
A252: PCHE006-A-0-D | B252: 2 | C252: =MID(A252,2,3) -> CHE | D252: =LEFT(A252,7) -> PCHE006 | E252: =RIGHT(A252,5) -> A-0-D | F252: pc | G252: 1 | H252: 4
A253: PCHE006-A-0-N | B253: 2 | C253: =MID(A253,2,3) -> CHE | D253: =LEFT(A253,7) -> PCHE006 | E253: =RIGHT(A253,5) -> A-0-N | F253: pc | G253: 1 | H253: 4
A254: PCHE007-S-0-D | B254: 2 | C254: =MID(A254,2,3) -> CHE | D254: =LEFT(A254,7) -> PCHE007 | E254: =RIGHT(A254,5) -> S-0-D | F254: pc | G254: 1 | H254: 4
A255: PCHE007-S-0-N | B255: 2 | C255: =MID(A255,2,3) -> CHE | D255: =LEFT(A255,7) -> PCHE007 | E255: =RIGHT(A255,5) -> S-0-N | F255: pc | G255: 1 | H255: 4
A256: PCHE008-A-0-D | B256: 2 | C256: =MID(A256,2,3) -> CHE | D256: =LEFT(A256,7) -> PCHE008 | E256: =RIGHT(A256,5) -> A-0-D | F256: pc | G256: 1 | H256: 4
A257: PCHE008-A-0-N | B257: 2 | C257: =MID(A257,2,3) -> CHE | D257: =LEFT(A257,7) -> PCHE008 | E257: =RIGHT(A257,5) -> A-0-N | F257: pc | G257: 1 | H257: 4
A258: PCHE013-S-0-N | B258: 2 | C258: =MID(A258,2,3) -> CHE | D258: =LEFT(A258,7) -> PCHE013 | E258: =RIGHT(A258,5) -> S-0-N | F258: pc | G258: 1 | H258: 1
A259: PCHE014-A-0-N | B259: 2 | C259: =MID(A259,2,3) -> CHE | D259: =LEFT(A259,7) -> PCHE014 | E259: =RIGHT(A259,5) -> A-0-N | F259: pc | G259: 1 | H259: 1
A260: PCHE033-S-0-N | B260: 2 | C260: =MID(A260,2,3) -> CHE | D260: =LEFT(A260,7) -> PCHE033 | E260: =RIGHT(A260,5) -> S-0-N | F260: pc | G260: 1 | H260: 4
... A390: PZIL002-B-0-N | B390: 2 | C390: =MID(A390,2,3) -> ZIL | D390: =LEFT(A390,7) -> PZIL002 | E390: =RIGHT(A390,5) -> B-0-N | F390: pc | G390: 1 | H390: 1
A391: JCAT005-G-S-0 | B391: 3 | C391: =MID(A391,2,3) -> CAT | D391: =LEFT(A391,7) -> JCAT005 | E391: =RIGHT(A391,1) -> 0 | F391: pc | G391: 1 | H391: 1
A392: JCHE003-G-S-0 | B392: 3 | C392: =MID(A392,2,3) -> CHE | D392: =LEFT(A392,7) -> JCHE003 | E392: =RIGHT(A392,1) -> 0 | F392: pc | G392: 1 | H392: 4
A393: JCHE003-G-S-1 | B393: 3 | C393: =MID(A393,2,3) -> CHE | D393: =LEFT(A393,7) -> JCHE003 | E393: =RIGHT(A393,1) -> 1 | F393: pc | G393: 1 | H393: 4
A394: JCHE004-G-S-0 | B394: 3 | C394: =MID(A394,2,3) -> CHE | D394: =LEFT(A394,7) -> JCHE004 | E394: =RIGHT(A394,1) -> 0 | F394: pc | G394: 1 | H394: 4
A395: JCHE004-G-S-1 | B395: 3 | C395: =MID(A395,2,3) -> CHE | D395: =LEFT(A395,7) -> JCHE004 | E395: =RIGHT(A395,1) -> 1 | F395: pc | G395: 1 | H395: 1
A396: JCHE005-G-S-0 | B396: 3 | C396: =MID(A396,2,3) -> CHE | D396: =LEFT(A396,7) -> JCHE005 | E396: =RIGHT(A396,1) -> 0 | F396: pc | G396: 1 | H396: 4
A397: JCHE005-G-S-1 | B397: 3 | C397: =MID(A397,2,3) -> CHE | D397: =LEFT(A397,7) -> JCHE005 | E397: =RIGHT(A397,1) -> 1 | F397: pc | G397: 1 | H397: 1
A398: JDAE001-G-P-0 | B398: 3 | C398: =MID(A398,2,3) -> DAE | D398: =LEFT(A398,7) -> JDAE001 | E398: =RIGHT(A398,1) -> 0 | F398: pc | G398: 1 | H398: 4
A399: JDAE001-G-S-0 | B399: 3 | C399: =MID(A399,2,3) -> DAE | D399: =LEFT(A399,7) -> JDAE001 | E399: =RIGHT(A399,1) -> 0 | F399: pc | G399: 1 | H399: 4
A400: JDAE001-G-S-1 | B400: 3 | C400: =MID(A400,2,3) -> DAE | D400: =LEFT(A400,7) -> JDAE001 | E400: =RIGHT(A400,1) -> 1 | F400: pc | G400: 1 | H400: 1
A401: JDAE003-G-P-0 | B401: 3 | C401: =MID(A401,2,3) -> DAE | D401: =LEFT(A401,7) -> JDAE003 | E401: =RIGHT(A401,1) -> 0 | F401: pc | G401: 1 | H401: 3
A402: JDAE003-G-S-0 | B402: 3 | C402: =MID(A402,2,3) -> DAE | D402: =LEFT(A402,7) -> JDAE003 | E402: =RIGHT(A402,1) -> 0 | F402: pc | G402: 1 | H402: 3
... A505: JZIL002-G-S-2 | B505: 3 | C505: =MID(A505,2,3) -> ZIL | D505: =LEFT(A505,7) -> JZIL002 | E505: =RIGHT(A505,1) -> 2 | F505: pc | G505: 1 | H505: 1
A506: XDAE-53 | B506: 4 | C506: =MID(A506,2,3) -> DAE | D506: =LEFT(A506,7) -> XDAE-53 | E506: =IFERROR(RIGHT(A506,LEN(A506)-8),"") | F506: pc | G506: 1 | H506: =#REF! -> #REF!
A507: XDAE-55 | B507: 4 | C507: =MID(A507,2,3) -> DAE | D507: =LEFT(A507,7) -> XDAE-55 | E507: =IFERROR(RIGHT(A507,LEN(A507)-8),"") | F507: pc | G507: 1 | H507: =#REF! -> #REF!
A508: XKAM-95 | B508: 4 | C508: =MID(A508,2,3) -> KAM | D508: =LEFT(A508,7) -> XKAM-95 | E508: =IFERROR(RIGHT(A508,LEN(A508)-8),"") | F508: pc | G508: 1 | H508: =#REF! -> #REF!
A509: XLAD-53 | B509: 4 | C509: =MID(A509,2,3) -> LAD | D509: =LEFT(A509,7) -> XLAD-53 | E509: =IFERROR(RIGHT(A509,LEN(A509)-8),"") | F509: pc | G509: 1 | H509: =#REF! -> #REF!
A510: XLAD-61-BLUE | B510: 4 | C510: =MID(A510,2,3) -> LAD | D510: =LEFT(A510,7) -> XLAD-61 | E510: =IFERROR(RIGHT(A510,LEN(A510)-8),"") -> BLUE | F510: pc | G510: 1 | H510: =#REF! -> #REF!
A511: XLAD-61-GREEN | B511: 4 | C511: =MID(A511,2,3) -> LAD | D511: =LEFT(A511,7) -> XLAD-61 | E511: =IFERROR(RIGHT(A511,LEN(A511)-8),"") -> GREEN | F511: pc | G511: 1 | H511: =#REF! -> #REF!
A512: XLAD-61-RED | B512: 4 | C512: =MID(A512,2,3) -> LAD | D512: =LEFT(A512,7) -> XLAD-61 | E512: =IFERROR(RIGHT(A512,LEN(A512)-8),"") -> RED | F512: pc | G512: 1 | H512: =#REF! -> #REF!
A513: XLAD-67-BLUE | B513: 4 | C513: =MID(A513,2,3) -> LAD | D513: =LEFT(A513,7) -> XLAD-67 | E513: =IFERROR(RIGHT(A513,LEN(A513)-8),"") -> BLUE | F513: pc | G513: 1 | H513: =#REF! -> #REF!
A514: XLAD-67-GREEN | B514: 4 | C514: =MID(A514,2,3) -> LAD | D514: =LEFT(A514,7) -> XLAD-67 | E514: =IFERROR(RIGHT(A514,LEN(A514)-8),"") -> GREEN | F514: pc | G514: 1 | H514: =#REF! -> #REF!
A515: XLAD-67-RED | B515: 4 | C515: =MID(A515,2,3) -> LAD | D515: =LEFT(A515,7) -> XLAD-67 | E515: =IFERROR(RIGHT(A515,LEN(A515)-8),"") -> RED | F515: pc | G515: 1 | H515: =#REF! -> #REF!
A516: XMTZ-92 | B516: 4 | C516: =MID(A516,2,3) -> MTZ | D516: =LEFT(A516,7) -> XMTZ-92 | E516: =IFERROR(RIGHT(A516,LEN(A516)-8),"") | F516: pc | G516: 1 | H516: =#REF! -> #REF!
A517: XUAZ-66-GREEN | B517: 4 | C517: =MID(A517,2,3) -> UAZ | D517: =LEFT(A517,7) -> XUAZ-66 | E517: =IFERROR(RIGHT(A517,LEN(A517)-8),"") -> GREEN | F517: pc | G517: 1 | H517: =#REF! -> #REF!
... A530: XWOL-67-RED | B530: 4 | C530: =MID(A530,2,3) -> WOL | D530: =LEFT(A530,7) -> XWOL-67 | E530: =IFERROR(RIGHT(A530,LEN(A530)-8),"") -> RED | F530: pc | G530: 1 | H530: =#REF! -> #REF!
A531: XWOL-67-WHITE | B531: 4 | C531: =MID(A531,2,3) -> WOL | D531: =LEFT(A531,7) -> XWOL-67 | E531: =IFERROR(RIGHT(A531,LEN(A531)-8),"") -> WHITE | F531: pc | G531: 1 | H531: 4
A532: XWOL-67-YELLOW | B532: 4 | C532: =MID(A532,2,3) -> WOL | D532: =LEFT(A532,7) -> XWOL-67 | E532: =IFERROR(RIGHT(A532,LEN(A532)-8),"") -> YELLOW | F532: pc | G532: 1 | H532: =#REF! -> #REF!
A533: XYAM-110 | B533: 4 | C533: =MID(A533,2,3) -> YAM | D533: =LEFT(A533,8) -> XYAM-110 | E533: =IFERROR(RIGHT(A533,LEN(A533)-8),"") | F533: pc | G533: 1 | H533: =#REF! -> #REF!
A534: XZAZ-60-GREEN | B534: 4 | C534: =MID(A534,2,3) -> ZAZ | D534: =LEFT(A534,7) -> XZAZ-60 | E534: =IFERROR(RIGHT(A534,LEN(A534)-8),"") -> GREEN | F534: pc | G534: 1 | H534: =#REF! -> #REF!
A535: XZAZ-60-RED | B535: 4 | C535: =MID(A535,2,3) -> ZAZ | D535: =LEFT(A535,7) -> XZAZ-60 | E535: =IFERROR(RIGHT(A535,LEN(A535)-8),"") -> RED | F535: pc | G535: 1 | H535: =#REF! -> #REF!
A536: XZAZ-60-YELLOW | B536: 4 | C536: =MID(A536,2,3) -> ZAZ | D536: =LEFT(A536,7) -> XZAZ-60 | E536: =IFERROR(RIGHT(A536,LEN(A536)-8),"") -> YELLOW | F536: pc | G536: 1 | H536: =#REF! -> #REF!
A537: PX-CHE-4A-1590-000 | B537: 5 | C537: =MID(A537,4,3) -> CHE | D537: =LEFT(A537,LEN(A537)-4) -> PX-CHE-4A-1590 | E537: =RIGHT(A537,3) -> 000 | F537: kit | G537: =MID(D537,8,1) -> 4 | H537: 1
A538: PX-CHE-4A-1590-025 | B538: 5 | C538: =MID(A538,4,3) -> CHE | D538: =LEFT(A538,LEN(A538)-4) -> PX-CHE-4A-1590 | E538: =RIGHT(A538,3) -> 025 | F538: kit | G538: =MID(D538,8,1) -> 4 | H538: 1
A539: PX-CHE-4A-1590-050 | B539: 5 | C539: =MID(A539,4,3) -> CHE | D539: =LEFT(A539,LEN(A539)-4) -> PX-CHE-4A-1590 | E539: =RIGHT(A539,3) -> 050 | F539: kit | G539: =MID(D539,8,1) -> 4 | H539: 1
A540: PX-CHE-4A-3549-000 | B540: 5 | C540: =MID(A540,4,3) -> CHE | D540: =LEFT(A540,LEN(A540)-4) -> PX-CHE-4A-3549 | E540: =RIGHT(A540,3) -> 000 | F540: kit | G540: =MID(D540,8,1) -> 4 | H540: 1
A541: PX-CHE-4A-3549-025 | B541: 5 | C541: =MID(A541,4,3) -> CHE | D541: =LEFT(A541,LEN(A541)-4) -> PX-CHE-4A-3549 | E541: =RIGHT(A541,3) -> 025 | F541: kit | G541: =MID(D541,8,1) -> 4 | H541: 1
A542: PX-CHE-4A-3549-050 | B542: 5 | C542: =MID(A542,4,3) -> CHE | D542: =LEFT(A542,LEN(A542)-4) -> PX-CHE-4A-3549 | E542: =RIGHT(A542,3) -> 050 | F542: kit | G542: =MID(D542,8,1) -> 4 | H542: 1
A543: PX-CHE-4A-3549-075 | B543: 5 | C543: =MID(A543,4,3) -> CHE | D543: =LEFT(A543,LEN(A543)-4) -> PX-CHE-4A-3549 | E543: =RIGHT(A543,3) -> 075 | F543: kit | G543: =MID(D543,8,1) -> 4 | H543: 1
A544: PX-CHE-4A-3549-100 | B544: 5 | C544: =MID(A544,4,3) -> CHE | D544: =LEFT(A544,LEN(A544)-4) -> PX-CHE-4A-3549 | E544: =RIGHT(A544,3) -> 100 | F544: kit | G544: =MID(D544,8,1) -> 4 | H544: 1
A545: PX-CHE-4A-3549-000-2 | B545: 5 | C545: =MID(A545,4,3) -> CHE | D545: =CONCATENATE(LEFT(A545,15),2) -> PX-CHE-4A-3549-2 | E545: =MID(A545,16,3) -> 000 | F545: kit | G545: =MID(D545,8,1) -> 4 | H545: 1
A546: PX-CHE-4A-3549-025-2 | B546: 5 | C546: =MID(A546,4,3) -> CHE | D546: =CONCATENATE(LEFT(A546,15),2) -> PX-CHE-4A-3549-2 | E546: =MID(A546,16,3) -> 025 | F546: kit | G546: =MID(D546,8,1) -> 4 | H546: 1
A547: PX-CHE-4A-3549-050-2 | B547: 5 | C547: =MID(A547,4,3) -> CHE | D547: =CONCATENATE(LEFT(A547,15),2) -> PX-CHE-4A-3549-2 | E547: =MID(A547,16,3) -> 050 | F547: kit | G547: =MID(D547,8,1) -> 4 | H547: 1
A548: PX-CHE-4A-3549-075-2 | B548: 5 | C548: =MID(A548,4,3) -> CHE | D548: =CONCATENATE(LEFT(A548,15),2) -> PX-CHE-4A-3549-2 | E548: =MID(A548,16,3) -> 075 | F548: kit | G548: =MID(D548,8,1) -> 4 | H548: 1
A549: PX-CHE-4A-3549-100-2 | B549: 5 | C549: =MID(A549,4,3) -> CHE | D549: =CONCATENATE(LEFT(A549,15),2) -> PX-CHE-4A-3549-2 | E549: =MID(A549,16,3) -> 100 | F549: kit | G549: =MID(D549,8,1) -> 4 | H549: 1
A550: PX-CHE-4F-1405-000 | B550: 5 | C550: =MID(A550,4,3) -> CHE | D550: =LEFT(A550,LEN(A550)-4) -> PX-CHE-4F-1405 | E550: =RIGHT(A550,3) -> 000 | F550: kit | G550: =MID(D550,8,1) -> 4 | H550: 1
A551: PX-CHE-4F-1405-025 | B551: 5 | C551: =MID(A551,4,3) -> CHE | D551: =LEFT(A551,LEN(A551)-4) -> PX-CHE-4F-1405 | E551: =RIGHT(A551,3) -> 025 | F551: kit | G551: =MID(D551,8,1) -> 4 | H551: 1
A552: PX-CHE-4F-1405-050 | B552: 5 | C552: =MID(A552,4,3) -> CHE | D552: =LEFT(A552,LEN(A552)-4) -> PX-CHE-4F-1405 | E552: =RIGHT(A552,3) -> 050 | F552: kit | G552: =MID(D552,8,1) -> 4 | H552: 1
A553: PX-CHE-4F-1590-000 | B553: 5 | C553: =MID(A553,4,3) -> CHE | D553: =LEFT(A553,LEN(A553)-4) -> PX-CHE-4F-1590 | E553: =RIGHT(A553,3) -> 000 | F553: kit | G553: =MID(D553,8,1) -> 4 | H553: 1
A554: PX-CHE-4F-1590-025 | B554: 5 | C554: =MID(A554,4,3) -> CHE | D554: =LEFT(A554,LEN(A554)-4) -> PX-CHE-4F-1590 | E554: =RIGHT(A554,3) -> 025 | F554: kit | G554: =MID(D554,8,1) -> 4 | H554: 1
A555: PX-CHE-4F-1590-050 | B555: 5 | C555: =MID(A555,4,3) -> CHE | D555: =LEFT(A555,LEN(A555)-4) -> PX-CHE-4F-1590 | E555: =RIGHT(A555,3) -> 050 | F555: kit | G555: =MID(D555,8,1) -> 4 | H555: 1
A556: PX-CHE-4F-3549-000 | B556: 5 | C556: =MID(A556,4,3) -> CHE | D556: =LEFT(A556,LEN(A556)-4) -> PX-CHE-4F-3549 | E556: =RIGHT(A556,3) -> 000 | F556: kit | G556: =MID(D556,8,1) -> 4 | H556: 1
A557: PX-CHE-4F-3549-025 | B557: 5 | C557: =MID(A557,4,3) -> CHE | D557: =LEFT(A557,LEN(A557)-4) -> PX-CHE-4F-3549 | E557: =RIGHT(A557,3) -> 025 | F557: kit | G557: =MID(D557,8,1) -> 4 | H557: 1
A558: PX-CHE-4F-3549-050 | B558: 5 | C558: =MID(A558,4,3) -> CHE | D558: =LEFT(A558,LEN(A558)-4) -> PX-CHE-4F-3549 | E558: =RIGHT(A558,3) -> 050 | F558: kit | G558: =MID(D558,8,1) -> 4 | H558: 1
A559: PX-CUM-1R-0812-000 | B559: 5 | C559: =MID(A559,4,3) -> CUM | D559: =LEFT(A559,LEN(A559)-4) -> PX-CUM-1R-0812 | E559: =RIGHT(A559,3) -> 000 | F559: pc | G559: =MID(D559,8,1) -> 1 | H559: 1
A560: PX-CUM-1R-0812-025 | B560: 5 | C560: =MID(A560,4,3) -> CUM | D560: =LEFT(A560,LEN(A560)-4) -> PX-CUM-1R-0812 | E560: =RIGHT(A560,3) -> 025 | F560: pc | G560: =MID(D560,8,1) -> 1 | H560: 1
A561: PX-CUM-1R-0812-050 | B561: 5 | C561: =MID(A561,4,3) -> CUM | D561: =LEFT(A561,LEN(A561)-4) -> PX-CUM-1R-0812 | E561: =RIGHT(A561,3) -> 050 | F561: pc | G561: =MID(D561,8,1) -> 1 | H561: 1
... A581: PX-DAE-4A-3538-100 | B581: 5 | C581: =MID(A581,4,3) -> DAE | D581: =LEFT(A581,LEN(A581)-4) -> PX-DAE-4A-3538 | E581: =RIGHT(A581,3) -> 100 | F581: kit | G581: =MID(D581,8,1) -> 4 | H581: 1
A582: PX-DAE-4A-3538-000-2 | B582: 5 | C582: =MID(A582,4,3) -> DAE | D582: =CONCATENATE(LEFT(A582,15),2) -> PX-DAE-4A-3538-2 | E582: =MID(A582,16,3) -> 000 | F582: kit | G582: =MID(D582,8,1) -> 4 | H582: 1
A583: PX-DAE-4A-3538-025-2 | B583: 5 | C583: =MID(A583,4,3) -> DAE | D583: =CONCATENATE(LEFT(A583,15),2) -> PX-DAE-4A-3538-2 | E583: =MID(A583,16,3) -> 025 | F583: kit | G583: =MID(D583,8,1) -> 4 | H583: 1
A584: PX-DAE-4A-3538-050-2 | B584: 5 | C584: =MID(A584,4,3) -> DAE | D584: =CONCATENATE(LEFT(A584,15),2) -> PX-DAE-4A-3538-2 | E584: =MID(A584,16,3) -> 050 | F584: kit | G584: =MID(D584,8,1) -> 4 | H584: 1
A585: PX-DAE-4A-3538-075-2 | B585: 5 | C585: =MID(A585,4,3) -> DAE | D585: =CONCATENATE(LEFT(A585,15),2) -> PX-DAE-4A-3538-2 | E585: =MID(A585,16,3) -> 075 | F585: kit | G585: =MID(D585,8,1) -> 4 | H585: 1
A586: PX-DAE-4A-3538-100-2 | B586: 5 | C586: =MID(A586,4,3) -> DAE | D586: =CONCATENATE(LEFT(A586,15),2) -> PX-DAE-4A-3538-2 | E586: =MID(A586,16,3) -> 100 | F586: kit | G586: =MID(D586,8,1) -> 4 | H586: 1
A587: PX-DAE-4A-3548-000 | B587: 5 | C587: =MID(A587,4,3) -> DAE | D587: =LEFT(A587,LEN(A587)-4) -> PX-DAE-4A-3548 | E587: =RIGHT(A587,3) -> 000 | F587: kit | G587: =MID(D587,8,1) -> 4 | H587: 1
A588: PX-DAE-4A-3548-025 | B588: 5 | C588: =MID(A588,4,3) -> DAE | D588: =LEFT(A588,LEN(A588)-4) -> PX-DAE-4A-3548 | E588: =RIGHT(A588,3) -> 025 | F588: kit | G588: =MID(D588,8,1) -> 4 | H588: 1
A589: PX-DAE-4A-3548-050 | B589: 5 | C589: =MID(A589,4,3) -> DAE | D589: =LEFT(A589,LEN(A589)-4) -> PX-DAE-4A-3548 | E589: =RIGHT(A589,3) -> 050 | F589: kit | G589: =MID(D589,8,1) -> 4 | H589: 1
A590: PX-DAE-4A-3548-075 | B590: 5 | C590: =MID(A590,4,3) -> DAE | D590: =LEFT(A590,LEN(A590)-4) -> PX-DAE-4A-3548 | E590: =RIGHT(A590,3) -> 075 | F590: kit | G590: =MID(D590,8,1) -> 4 | H590: 1
A591: PX-DAE-4A-3548-100 | B591: 5 | C591: =MID(A591,4,3) -> DAE | D591: =LEFT(A591,LEN(A591)-4) -> PX-DAE-4A-3548 | E591: =RIGHT(A591,3) -> 100 | F591: kit | G591: =MID(D591,8,1) -> 4 | H591: 1
A592: PX-DAE-4A-3548-000-2 | B592: 5 | C592: =MID(A592,4,3) -> DAE | D592: =CONCATENATE(LEFT(A592,15),2) -> PX-DAE-4A-3548-2 | E592: =MID(A592,16,3) -> 000 | F592: kit | G592: =MID(D592,8,1) -> 4 | H592: 1
A593: PX-DAE-4A-3548-025-2 | B593: 5 | C593: =MID(A593,4,3) -> DAE | D593: =CONCATENATE(LEFT(A593,15),2) -> PX-DAE-4A-3548-2 | E593: =MID(A593,16,3) -> 025 | F593: kit | G593: =MID(D593,8,1) -> 4 | H593: 1
A594: PX-DAE-4A-3548-050-2 | B594: 5 | C594: =MID(A594,4,3) -> DAE | D594: =CONCATENATE(LEFT(A594,15),2) -> PX-DAE-4A-3548-2 | E594: =MID(A594,16,3) -> 050 | F594: kit | G594: =MID(D594,8,1) -> 4 | H594: 1
A595: PX-DAE-4A-3548-075-2 | B595: 5 | C595: =MID(A595,4,3) -> DAE | D595: =CONCATENATE(LEFT(A595,15),2) -> PX-DAE-4A-3548-2 | E595: =MID(A595,16,3) -> 075 | F595: kit | G595: =MID(D595,8,1) -> 4 | H595: 1
A596: PX-DAE-4A-3548-100-2 | B596: 5 | C596: =MID(A596,4,3) -> DAE | D596: =CONCATENATE(LEFT(A596,15),2) -> PX-DAE-4A-3548-2 | E596: =MID(A596,16,3) -> 100 | F596: kit | G596: =MID(D596,8,1) -> 4 | H596: 1
...

Sheet Name
A1: 1 | B1: Кільця
A2: 2 | B2: Клапани
A3: 3 | B3: Втулки
A4: 4 | B4: Пальці
A5: 5 | B5: Поршні
A6: 6 | B6: Гільзи
A7: 7 | B7: Свічки

Sheet Mapping
A1: Неправильный | B1: Артикул
A2: XWOL-406-GREEN | B2: XWOL-64-GREEN | C2: =VLOOKUP(B2,SKU!A:A,1,0) -> XWOL-64-GREEN
A3: XWOL-406-RED | B3: XWOL-64-RED | C3: =VLOOKUP(B3,SKU!A:A,1,0) -> XWOL-64-RED
A4: XWOL-406-WHITE | B4: XWOL-64-WHITE | C4: =VLOOKUP(B4,SKU!A:A,1,0) -> XWOL-64-WHITE
A5: XWOL-406-YELLOW | B5: XWOL-64-YELLOW | C5: =VLOOKUP(B5,SKU!A:A,1,0) -> XWOL-64-YELLOW
A6: XWOL-405-GREEN | B6: XWOL-67-GREEN | C6: =VLOOKUP(B6,SKU!A:A,1,0) -> XWOL-67-GREEN
A7: XWOL-405-RED | B7: XWOL-67-RED | C7: =VLOOKUP(B7,SKU!A:A,1,0) -> XWOL-67-RED
A8: XWOL-405-WHITE | B8: XWOL-67-WHITE | C8: =VLOOKUP(B8,SKU!A:A,1,0) -> XWOL-67-WHITE
A9: XWOL-405-YELLOW | B9: XWOL-67-YELLOW | C9: =VLOOKUP(B9,SKU!A:A,1,0) -> XWOL-67-YELLOW
A10: PR-SMD-44-6000-000-SET | B10: PR-SMD-44-0143-000-SET | C10: =VLOOKUP(B10,SKU!A:A,1,0) -> PR-SMD-44-0143-000-SET
A11: PR-SMD-44-6000-070-SET | B11: PR-SMD-44-0143-070-SET | C11: =VLOOKUP(B11,SKU!A:A,1,0) -> PR-SMD-44-0143-070-SET
A12: PR-SMD-47-6000-000-SET | B12: PR-SMD-44-0144-000-SET | C12: =VLOOKUP(B12,SKU!A:A,1,0) -> PR-SMD-44-0144-000-SET
A13: PR-SMD-47-6000-070-SET | B13: PR-SMD-44-0144-070-SET | C13: =VLOOKUP(B13,SKU!A:A,1,0) -> PR-SMD-44-0144-070-SET
... A66: D-21 | B66: D21 | C66: =VLOOKUP(B66,SKU!A:A,1,0) -> D21

Sheet Help
A1: | Поле | Повна назва | Що означає | Навіщо потрібно |
A2: | -------------- | ---------------------------------------------------------- | ------------------------------------------------------------------------------ | ------------------------------------------------------------------------------------------ |
A3: | **UOM** | *Unit of Measure* — одиниця виміру | Наприклад: `шт`, `компл`, `л`, `м` | Щоб розуміти, у чому обліковуються запаси, продажі, замовлення. |
A4: | **MOQ** | *Minimum Order Quantity* — мінімальна кількість замовлення | Наприклад: `10`, якщо постачальник відвантажує тільки кратно 10 | Для розрахунку **рекомендованого замовлення**, щоб не замовити менше ніж можливо. |
A5: | **LT_days** | *Lead Time (days)* — термін постачання в днях | Наприклад: `45` — товар іде 45 днів від замовлення до складу | Використовується у плануванні «заздалегідь» (коли треба зробити PO, щоб не було дефіциту). |
A6: | **SafetyDays** | *Safety Stock (days)* — запас безпеки в днях | Наприклад: `14` — додаткові дні попиту «на всяк випадок» | Визначає страховий запас (додається до потреби при розрахунках «Итого»). |
A7: | **Weight_kg** | Вага 1 одиниці SKU в кілограмах | Наприклад: `2.5` | Для логістики (розрахунок ваги замовлень, вартості перевезення). |
A8: | **Volume_m3** | Об’єм 1 одиниці SKU у кубічних метрах | Наприклад: `0.015` | Для планування заповнення контейнерів або складських площ. |
A9: | **Status** | Статус SKU (`Active`, `Inactive`, `Archived`) | Визначає, чи активний товар, тимчасово не постачається, чи знятий з обліку | Щоб фільтрувати позиції у звітах (наприклад, «замовляти лише Active»). |
A10: | **StartDate** | Дата початку активності SKU | Наприклад: `2024-01-01` | Коли товар з’явився у продажу (для аналітики або прогнозу). |
A11: | **EndDate** | Дата закінчення активності | Наприклад: `2025-06-30` | Коли товар буде знятий із постачання (не замовляти після цієї дати). |
A12: | **Notes** | Примітки | Будь-які додаткові пояснення, наприклад «новий артикул», «заміна старого» тощо | Для ручних коментарів або уточнень ВНС / постачальників. |

Sheet New
